"","100210283-49-A/G","100286444-39-A/C","100245378-55-C/T","100241897-63-T/A","100212951-9-T/C","100211162-66-T/C","100275663-21-T/C","100250821-12-A/G","100281676-6-T/C","100212598-5-T/C","100256455-7-A/T","100280895-9-C/G","100185247-9-T/A","100295562-48-G/A","100277932-13-A/T","100291948-62-C/T","100294872-21-A/G","100264831-56-C/T","100249890-38-C/G","100270322-46-T/G","100265310-60-C/T","100212505-20-A/G","100307787-29-C/G","100251442-21-C/A","100262613-28-T/G","100308075-23-A/T","100243329-50-C/G","100243398-49-C/T","100291675-32-T/A","100287289-44-G/T","100292843-27-T/G","100289512-23-G/A","100309325-29-C/G","100309378-44-C/T","100251730-57-G/T","100275220-28-G/A","100278541-37-T/C","100271168-19-G/A","100266275-48-C/A","100311161-56-G/A","100302734-24-G/A","100275162-28-A/G","100298756-6-T/C","100242113-23-C/A","100307547-34-G/C","100254681-8-C/G","100304979-26-T/A","100292998-25-A/C","100283270-28-A/T","100294181-23-A/T","100288393-48-G/A","100265273-47-C/T","100232569-62-G/T","100283636-64-T/C","100289643-44-A/T","100286612-45-A/T","100211313-32-A/C","100286811-22-T/G","100274940-59-C/A","100309408-17-G/C","100294036-6-T/G","100295528-8-G/A","100291965-40-T/G","100277947-45-A/T","100294021-44-G/A","100306529-53-T/A","100309349-9-A/G","100223658-49-G/T","100279794-59-T/G","100265381-64-A/C","100212148-38-T/C","100300501-36-T/G","100277970-5-T/C","100276139-52-C/A","100296677-27-T/G","100231595-25-A/T","100298244-37-T/G","100242521-65-G/A","100260061-52-A/G","100289360-32-G/A","100271219-44-A/G","100258935-30-A/G","100296604-42-T/C","100244533-31-T/G","100289771-17-G/C","100264444-24-T/C","100288339-15-A/G","100258597-45-C/T","100286753-48-T/G","100257804-36-A/T","100288329-38-A/G","100308055-21-C/G","100294101-67-A/G","100307957-14-G/C","100289407-65-G/C","100296603-12-C/T","100289805-52-G/A","100234228-32-G/T","100232256-28-T/C","100284217-37-C/G","100156920-29-A/G","100286199-48-G/A","100290581-16-T/G","100293899-68-A/G","100234158-14-G/A","100264172-17-C/T","100223436-12-A/G","100304639-12-A/G","100242935-44-T/C","100271738-18-A/T","100309621-12-A/C","100258384-31-C/T","100283438-28-C/T","100264250-34-A/T","100221592-59-A/C","100259013-51-G/A","100298266-8-C/T","100250862-67-C/T","100261743-9-G/C","100158096-13-T/A","100224398-42-G/A","100283402-26-C/A","100315268-35-T/G","100241964-61-T/C","100259264-25-T/C","100231643-16-C/T","100280489-42-G/A","100265309-10-A/G","100268401-12-G/A","100301116-37-G/T","100261395-9-C/T","100315269-37-C/T","100293882-7-A/T","100181716-60-G/A","100212768-18-G/A","100289928-37-G/T","100223050-61-T/C","100311159-6-G/A","100250783-26-C/T","100258767-54-C/A","100296539-31-G/C","100231608-36-T/G","100252144-67-T/G","100285154-15-C/T","100199744-36-C/T","100211992-20-T/G","100251319-23-G/T","100297083-13-A/T","100252534-68-G/C","100285569-41-A/T","100270721-66-C/A","100198336-14-T/C","100279484-19-T/A","100268233-6-C/T","100274823-43-A/C","100250714-10-A/C","100275989-27-G/T"
"AG001",0,0,0,2,2,NA,0,0,0,0,0,0,NA,0,0,0,NA,2,0,0,0,0,0,NA,2,0,0,0,0,0,NA,2,0,0,NA,0,NA,0,0,2,0,0,0,0,2,NA,0,NA,0,0,0,0,0,0,0,0,0,0,0,0,0,2,1,0,0,0,2,NA,0,0,0,NA,1,0,2,0,2,0,0,0,0,0,2,0,0,0,0,0,NA,0,0,NA,0,0,0,0,0,0,0,2,0,0,0,0,0,0,0,0,0,0,NA,1,0,0,0,0,0,0,0,NA,0,0,2,0,0,0,0,2,0,2,0,0,0,0,0,0,0,0,2,0,0,0,0,0,0,0,0,0,0,0,0,0,NA,0,0,0,2
"AG073",0,0,0,2,0,0,0,0,0,0,0,0,0,0,0,0,2,2,0,0,0,0,0,0,0,0,0,0,0,0,2,2,0,0,2,0,0,0,0,2,0,0,0,0,2,0,0,0,1,0,0,0,0,0,0,0,0,0,0,0,0,2,1,0,0,0,2,NA,0,0,0,2,1,0,2,0,2,0,0,0,0,0,2,0,0,0,0,0,0,0,0,0,0,0,0,0,0,0,0,0,0,0,0,1,0,0,0,0,0,0,1,0,0,0,0,0,0,0,0,0,0,0,2,0,0,0,0,2,0,0,0,1,0,0,0,0,0,0,1,1,0,0,0,1,0,0,2,0,0,NA,0,0,0,0,0,0,2
"AG081",0,0,0,2,0,0,0,0,0,0,0,0,0,0,0,0,1,2,0,0,0,0,0,0,1,0,0,0,0,0,0,NA,1,0,1,0,0,0,0,2,0,0,0,0,2,0,0,0,0,0,0,0,0,1,0,0,0,0,0,0,0,2,2,0,0,0,2,0,0,0,0,2,2,0,0,0,2,0,0,0,0,0,2,1,0,0,0,0,0,0,0,0,0,0,0,0,1,0,2,0,0,0,0,2,0,0,0,0,0,0,2,0,0,0,0,0,0,0,0,0,0,0,1,0,0,0,0,2,0,0,0,0,0,0,0,0,0,0,2,0,0,0,0,0,0,0,0,0,0,0,0,0,0,0,0,0,2
"AG089",0,0,0,2,2,0,0,0,0,0,1,0,0,0,0,0,1,2,0,0,0,0,0,0,0,0,0,0,0,1,0,2,1,0,2,0,0,0,0,2,0,1,1,0,2,0,0,0,0,0,0,0,0,0,0,0,0,0,0,1,0,2,2,0,0,0,2,0,0,0,0,2,0,0,0,0,2,0,0,0,0,0,2,0,0,2,0,0,0,0,0,0,0,0,0,0,0,NA,0,0,NA,0,0,0,0,0,0,0,0,0,2,0,0,0,0,0,0,0,0,0,NA,0,0,0,0,0,0,2,0,0,0,0,0,0,0,0,0,0,2,0,0,0,0,0,0,0,0,0,0,0,0,0,0,0,0,0,2
"AG009",0,1,0,2,1,2,0,0,0,0,0,0,0,0,0,0,2,2,0,0,0,0,0,0,1,0,0,0,0,0,1,2,0,0,2,0,0,0,0,2,0,0,0,0,2,0,0,0,0,2,0,0,0,0,0,0,0,0,0,0,0,2,2,0,0,0,2,0,1,0,0,2,2,0,0,0,2,0,0,0,0,0,2,0,0,0,0,0,0,0,1,NA,0,0,0,0,0,0,0,0,0,0,0,0,0,0,0,0,0,0,0,0,0,0,0,0,0,0,0,0,0,0,0,0,0,0,0,2,0,0,0,0,0,0,0,0,0,0,2,0,0,0,0,0,0,0,0,0,0,0,0,0,0,0,0,0,2
"AG017",0,0,0,2,0,0,0,0,0,0,0,0,0,0,0,0,2,2,0,0,0,0,0,0,0,0,0,0,1,0,0,2,0,0,2,0,0,0,0,2,0,0,0,NA,2,0,0,0,1,0,0,0,0,0,0,0,0,0,0,0,0,2,2,0,0,0,2,0,0,0,0,2,2,0,0,0,2,0,0,0,0,0,2,0,0,0,0,0,0,0,NA,0,0,1,0,0,0,0,0,0,0,0,0,0,0,0,0,0,0,0,0,0,NA,0,0,0,0,0,0,0,0,0,0,0,0,0,0,2,0,0,0,0,0,0,0,0,0,0,2,0,0,0,0,0,0,0,0,0,0,0,0,0,0,0,0,0,2
"AG033",0,0,0,2,0,0,0,NA,0,0,0,0,0,0,0,0,0,2,0,0,0,0,0,0,0,0,0,NA,NA,0,0,2,1,0,2,0,0,0,0,2,0,0,0,0,NA,0,NA,0,1,NA,NA,0,0,0,NA,0,0,0,0,0,NA,NA,0,0,0,0,2,0,0,0,0,2,0,0,NA,0,2,0,0,0,0,0,2,0,0,0,NA,0,0,0,0,0,0,0,0,0,0,0,0,0,0,0,0,0,0,0,0,0,0,NA,2,0,0,0,0,0,0,0,0,0,0,0,1,0,0,0,0,2,0,2,0,0,0,0,0,2,0,0,2,0,0,0,0,0,1,0,0,0,0,0,0,0,0,NA,0,0,2
"AG049",0,0,0,2,0,1,0,0,0,NA,1,0,0,0,0,0,2,2,0,0,0,0,0,0,0,0,0,0,0,0,0,2,0,0,2,0,2,0,0,2,0,1,0,0,2,0,0,0,0,0,0,0,0,1,0,0,0,0,0,0,0,2,2,0,0,0,2,NA,0,0,0,2,2,0,1,0,2,0,0,0,0,0,2,0,0,0,2,0,NA,0,0,0,0,0,0,0,0,NA,0,0,0,0,0,1,0,0,0,0,0,0,2,0,0,0,0,0,0,0,0,0,0,0,2,0,0,0,0,2,2,0,0,0,0,0,0,0,0,0,NA,0,0,0,0,0,0,0,0,0,0,0,0,0,2,0,0,0,2
"AG065",0,0,0,2,0,0,0,0,0,0,0,0,0,0,0,0,2,2,NA,0,2,0,0,0,0,0,1,0,0,0,2,2,0,0,2,0,0,0,0,2,0,0,0,0,2,0,0,1,0,0,0,0,0,0,0,0,0,0,0,0,0,2,2,0,0,0,2,0,0,0,0,2,2,0,0,0,2,0,0,0,NA,0,NA,0,0,0,0,0,NA,0,0,0,0,0,1,NA,0,0,0,0,0,0,0,0,0,NA,0,0,0,0,0,0,0,0,0,0,0,NA,0,0,0,0,1,0,0,0,0,NA,0,0,0,0,0,0,0,0,0,0,1,1,0,0,0,0,0,0,0,1,0,0,0,0,0,0,2,0,2
"AG074",0,2,0,NA,0,0,0,0,2,0,NA,0,0,0,0,0,2,2,0,NA,0,NA,0,0,0,0,0,2,0,0,0,2,2,NA,2,0,1,0,0,2,0,0,0,0,2,0,0,0,2,2,0,0,0,1,0,0,0,0,0,0,0,2,2,0,0,0,2,0,0,0,0,2,2,0,0,0,2,NA,0,0,0,0,2,0,0,0,0,0,0,0,0,0,0,0,1,0,0,NA,NA,NA,0,0,0,0,0,0,0,0,0,0,2,0,0,0,0,0,1,0,0,0,0,0,0,0,0,NA,0,2,0,0,0,0,NA,0,0,0,0,0,2,0,0,0,0,0,0,0,0,0,0,0,1,0,0,0,0,0,2
"AG082",0,0,0,2,0,0,0,0,0,0,0,0,0,0,0,0,2,2,0,0,0,NA,0,0,0,0,0,0,0,0,0,2,0,0,2,0,0,0,0,2,0,0,0,NA,2,0,0,NA,1,NA,0,0,0,0,0,0,0,0,0,0,0,2,2,NA,0,0,2,0,1,0,0,NA,2,0,1,0,2,0,0,0,0,0,0,0,0,1,0,0,0,0,0,0,0,0,0,2,0,0,0,0,0,0,NA,1,0,0,0,0,0,0,2,0,0,0,0,0,0,0,0,0,0,0,0,0,0,0,0,2,0,0,0,0,0,0,0,NA,0,0,2,0,0,0,0,0,0,0,0,0,0,0,0,0,0,0,0,0,2
"AG010",0,0,0,2,0,2,0,0,NA,0,0,0,0,0,0,0,2,2,0,0,0,0,0,0,0,0,0,1,0,0,0,2,0,0,2,0,0,0,0,2,0,0,NA,0,2,0,0,0,0,0,0,0,0,0,0,0,0,0,0,0,0,2,2,0,0,0,2,0,0,0,2,2,2,0,0,0,2,0,0,0,0,0,2,0,0,0,0,0,0,0,0,NA,0,NA,0,0,0,0,0,0,0,0,0,NA,0,NA,0,NA,0,0,0,0,0,0,0,0,0,0,NA,NA,0,0,0,0,0,0,NA,2,0,1,NA,0,0,0,0,0,0,0,2,0,0,0,0,0,2,0,0,0,0,0,0,0,0,0,0,0,2
"AG018",0,0,0,2,0,0,0,0,NA,0,NA,0,0,NA,0,0,2,2,0,0,0,NA,0,NA,0,0,0,0,1,0,0,2,0,NA,2,0,NA,0,0,2,0,0,0,0,2,NA,0,0,2,0,NA,0,0,0,0,0,0,0,0,0,0,2,2,0,NA,0,2,0,0,0,2,2,2,0,0,0,2,0,0,1,0,NA,2,0,0,0,NA,0,0,0,0,0,0,0,0,0,0,0,0,0,0,1,0,1,0,0,0,1,0,0,2,0,NA,0,0,0,0,NA,0,0,0,0,0,0,0,0,0,2,0,0,0,0,0,0,0,1,0,0,2,0,0,0,0,1,0,0,0,NA,0,0,0,0,0,0,0,0,2
"AG034",0,0,0,2,0,0,0,0,0,0,0,0,0,0,0,0,2,2,0,0,0,1,0,0,0,0,0,0,0,0,0,2,2,0,2,0,0,0,0,2,0,0,0,0,NA,0,0,1,0,0,0,0,0,1,2,0,0,0,0,0,1,2,2,0,0,0,2,0,0,0,0,2,2,0,0,0,2,0,0,0,0,0,1,0,0,0,0,0,0,0,0,0,0,0,0,0,0,0,1,1,0,1,0,0,0,0,0,0,0,0,2,0,2,0,0,0,0,0,0,0,0,0,0,2,0,0,0,2,0,1,0,0,0,0,0,1,0,0,2,0,0,0,0,0,0,0,0,0,0,0,0,0,0,0,0,0,2
"AG066",1,0,0,2,0,0,2,0,0,0,0,0,0,0,0,0,2,2,0,0,1,0,0,0,0,0,0,0,0,0,1,2,0,0,2,0,0,0,1,2,0,0,0,0,2,0,0,0,0,0,0,0,0,0,0,0,0,0,0,0,0,2,2,0,0,0,2,0,1,0,0,2,2,0,0,0,2,0,0,0,0,0,2,0,1,0,0,0,0,0,0,0,0,0,0,0,0,0,1,0,0,0,NA,0,NA,0,0,0,0,0,0,0,0,0,0,0,0,0,0,0,0,0,0,0,0,NA,0,2,0,0,0,0,0,NA,0,NA,0,0,0,0,0,0,0,0,0,0,0,0,0,0,0,0,0,0,0,0,2
"AG003",0,0,NA,2,2,1,0,0,0,0,0,0,0,NA,0,0,0,2,0,NA,NA,0,0,0,0,0,0,0,NA,0,NA,NA,0,0,2,0,0,0,0,2,0,0,NA,0,2,0,0,NA,0,0,NA,0,NA,0,0,0,NA,0,0,0,2,2,2,0,0,0,2,0,0,0,0,2,NA,0,0,0,2,NA,0,0,0,0,2,0,0,2,0,NA,0,0,0,0,0,0,0,0,NA,0,0,2,0,0,0,NA,0,0,0,0,0,0,NA,0,0,0,0,0,0,2,0,0,0,0,0,0,0,0,0,NA,NA,0,0,0,0,0,0,NA,0,0,2,0,0,0,0,0,0,0,NA,NA,0,0,0,NA,0,NA,0,0,2
"AG075",0,0,0,2,0,2,0,0,0,0,0,0,0,0,0,0,NA,2,0,0,0,0,0,0,0,0,0,0,0,0,0,1,1,0,2,0,0,0,0,2,0,0,NA,0,2,0,0,0,2,2,0,0,0,1,0,1,0,0,0,NA,0,2,2,0,0,0,2,0,0,0,0,2,2,NA,0,0,2,0,0,0,0,0,NA,0,0,0,0,0,0,0,0,0,0,0,0,NA,0,0,1,0,0,0,NA,1,0,0,0,0,0,0,2,0,0,0,0,NA,0,0,0,0,0,0,1,0,0,0,NA,2,0,0,0,0,0,0,0,0,0,0,NA,1,0,0,0,NA,NA,0,0,0,NA,0,0,0,0,0,0,0,2
"AG091",0,0,0,2,0,1,0,0,0,0,0,0,0,0,0,0,2,2,0,0,0,0,0,0,0,1,0,0,0,0,0,2,1,0,2,0,0,1,0,2,0,0,0,0,2,NA,0,0,0,0,0,0,0,0,0,NA,0,0,0,1,0,2,2,0,0,NA,2,0,NA,0,0,NA,2,0,0,0,2,0,0,0,0,0,2,0,0,0,NA,0,NA,0,0,0,0,0,0,0,0,0,0,2,0,0,0,0,0,0,0,0,0,0,2,0,0,0,0,0,0,0,NA,0,0,0,1,0,0,0,0,2,0,0,0,NA,0,0,0,0,0,0,2,0,0,0,0,0,0,1,0,0,0,0,0,0,0,0,0,0,2
"AG011",2,0,0,2,0,0,0,0,0,0,0,0,0,0,NA,0,2,2,0,0,0,0,0,0,0,0,0,0,1,0,0,2,0,0,2,0,0,0,0,2,0,0,0,0,2,0,0,NA,1,0,0,0,0,0,0,0,0,0,0,0,0,2,2,NA,0,0,2,0,0,0,0,2,2,0,0,0,2,0,0,0,0,0,1,0,0,0,0,NA,0,0,0,0,0,0,0,1,0,0,0,0,0,0,0,0,0,0,0,0,0,0,0,0,0,0,0,0,0,0,0,0,0,0,0,0,0,0,0,2,0,0,0,0,0,0,0,0,0,0,2,0,0,0,0,0,0,0,0,0,0,0,0,0,0,0,0,0,2
"AG019",0,NA,0,NA,0,0,NA,NA,0,0,0,0,NA,0,NA,0,2,NA,0,0,0,0,0,0,0,0,0,0,0,0,NA,2,1,0,2,0,0,0,0,2,NA,0,0,0,NA,0,0,0,0,NA,0,0,0,0,0,0,0,0,0,0,0,2,2,0,0,0,2,0,0,0,0,2,2,0,0,0,2,0,0,0,NA,0,2,0,0,0,0,0,0,NA,NA,0,NA,0,0,0,0,0,0,0,0,0,NA,1,0,0,0,0,0,NA,2,2,0,0,0,0,0,0,0,0,0,NA,1,0,0,0,0,2,0,0,0,0,0,0,0,0,0,0,2,0,0,0,0,0,0,NA,0,0,0,0,0,0,0,0,NA,0,2
"AG035",0,0,0,2,0,1,NA,0,0,0,0,0,0,0,0,0,2,0,0,0,0,0,0,0,1,0,0,0,0,0,2,2,1,0,2,NA,0,0,0,2,0,1,0,0,2,0,0,1,0,0,0,NA,0,1,0,0,0,0,0,0,0,2,2,0,0,0,2,0,0,0,0,2,2,0,0,0,2,0,0,0,0,0,1,0,0,0,0,0,0,0,0,2,0,0,0,1,0,0,1,0,0,2,0,0,0,0,0,0,0,0,1,0,NA,0,0,NA,0,0,0,0,0,0,0,0,1,0,0,2,NA,0,0,0,0,0,NA,0,0,0,2,0,0,0,0,0,0,NA,0,0,0,0,0,0,0,0,0,0,2
"AG051",0,0,0,2,0,1,0,0,0,0,0,0,0,0,0,0,2,2,NA,NA,0,0,0,0,0,0,0,0,0,0,1,2,0,0,2,0,0,0,0,2,0,0,0,0,2,0,0,0,0,0,0,NA,0,0,0,0,NA,0,0,0,0,2,2,0,0,0,2,0,0,1,2,2,2,0,2,0,2,0,0,NA,0,0,2,0,0,0,0,0,0,0,0,0,0,0,0,0,0,0,0,0,NA,0,0,0,0,0,0,0,0,0,2,NA,0,0,0,0,0,0,NA,0,0,NA,0,0,0,NA,0,2,0,0,0,0,0,0,0,0,0,0,2,0,0,0,0,0,0,0,NA,0,0,0,1,0,0,0,0,0,2
"AG059",0,NA,0,NA,NA,0,0,0,0,0,0,0,0,0,0,0,2,2,0,0,NA,0,0,0,0,0,NA,0,0,0,0,2,0,0,2,2,NA,0,NA,2,NA,0,0,0,NA,NA,0,1,0,0,0,2,0,0,0,0,0,0,NA,0,0,NA,2,0,NA,0,2,0,NA,NA,0,2,NA,0,1,0,2,0,0,0,0,0,2,0,0,NA,0,0,0,0,0,0,0,0,NA,0,0,0,0,0,0,0,0,0,0,0,0,NA,0,0,1,0,NA,0,0,0,0,NA,0,0,0,0,1,0,0,NA,0,NA,0,0,0,0,0,0,0,NA,0,0,2,0,0,0,0,0,0,0,0,0,0,0,0,0,0,NA,0,NA,2
"AG067",0,0,0,2,0,0,0,0,0,0,0,0,0,0,0,NA,2,2,0,0,0,0,1,NA,0,0,NA,NA,0,0,1,2,0,0,2,0,0,0,0,2,0,0,0,0,2,0,0,2,0,0,0,0,NA,0,0,0,0,0,0,NA,0,2,2,0,0,0,2,0,1,0,0,2,NA,0,0,0,2,0,0,NA,0,1,1,0,0,0,0,0,0,0,0,0,0,0,0,0,0,0,0,0,0,0,0,0,0,0,0,0,0,0,0,0,0,0,0,0,0,0,0,0,0,0,0,NA,0,0,0,2,0,0,0,0,0,0,0,NA,0,0,2,0,0,0,0,0,0,NA,0,0,0,0,0,0,0,0,0,0,2
"AG004",0,0,NA,NA,0,0,0,0,0,0,0,0,0,0,0,0,2,0,0,0,0,0,0,0,0,0,0,2,0,0,0,2,0,0,2,0,0,NA,0,2,0,0,1,NA,2,0,0,0,0,0,0,0,0,2,NA,0,0,0,1,0,0,2,2,0,0,0,2,0,2,NA,0,2,2,0,NA,NA,1,0,0,0,0,0,NA,0,NA,0,0,0,0,0,0,0,0,0,1,NA,0,NA,2,1,0,0,0,0,0,0,0,0,0,NA,NA,0,0,0,0,0,0,0,0,0,0,0,0,0,0,0,NA,2,0,0,0,0,0,0,0,0,0,0,2,NA,0,0,0,NA,0,NA,0,0,0,0,NA,0,0,0,0,0,2
"AG076",0,0,0,2,NA,2,0,0,0,0,0,0,0,NA,0,0,2,2,0,NA,1,0,0,0,0,0,0,0,0,0,0,2,1,NA,0,0,0,0,0,2,0,0,0,0,2,0,0,0,1,0,0,0,0,0,0,0,0,0,0,0,0,1,2,0,0,0,2,0,1,0,0,NA,2,NA,0,0,2,0,0,NA,0,0,1,0,0,NA,0,0,0,0,0,0,NA,0,0,0,0,0,0,0,0,0,0,2,0,0,0,0,0,0,2,0,0,0,0,0,0,0,0,0,NA,0,0,0,0,0,0,2,NA,0,0,0,0,NA,0,0,0,0,2,0,0,0,0,NA,0,0,0,0,0,0,0,0,0,0,0,0,2
"AG084",0,0,0,2,0,0,0,0,0,0,0,0,0,NA,0,0,2,2,0,0,0,0,0,0,0,0,0,0,0,1,NA,2,0,0,2,0,0,NA,0,2,0,0,0,NA,2,0,0,0,0,0,0,0,0,1,1,0,0,0,NA,0,0,2,2,0,0,1,2,0,1,0,0,2,2,0,0,0,NA,NA,0,0,0,0,2,0,0,NA,0,0,0,0,0,0,0,0,0,0,0,0,NA,0,0,NA,2,0,0,0,0,0,0,0,NA,0,0,NA,0,0,1,NA,0,0,0,0,1,0,NA,0,2,2,0,0,0,0,0,0,0,0,0,0,2,0,0,0,0,0,0,0,0,0,0,0,0,0,0,0,0,0,2
"AG092",0,0,0,2,0,2,0,0,NA,0,NA,0,0,0,0,0,NA,2,0,0,0,0,0,0,0,0,0,0,1,0,NA,2,1,0,2,NA,0,0,0,2,0,0,NA,0,2,0,0,0,0,0,0,0,0,0,0,1,0,0,0,0,0,NA,2,0,0,0,2,0,1,0,0,2,NA,0,1,0,2,0,0,2,0,0,2,0,0,0,0,NA,0,0,0,0,0,0,0,0,0,0,0,0,0,0,0,0,NA,0,0,0,0,0,2,0,0,0,0,0,0,0,0,0,0,0,1,0,0,0,0,2,0,0,0,0,0,0,NA,0,0,0,2,NA,0,0,0,2,0,0,0,0,0,0,0,0,0,0,0,0,2
"AG012",0,0,0,NA,0,2,0,0,0,0,0,0,0,0,0,0,2,2,0,0,0,0,0,0,0,0,0,0,1,0,0,1,1,0,2,1,0,0,0,2,0,0,0,0,2,0,0,0,0,0,0,0,0,0,0,0,0,0,0,0,0,2,2,0,0,0,2,0,1,0,0,2,2,0,0,0,2,0,0,1,0,1,2,0,0,0,0,0,0,0,1,0,0,0,0,0,0,0,0,0,0,0,0,1,0,0,0,0,0,0,1,0,0,0,0,0,0,0,0,0,0,0,0,0,0,0,NA,2,0,0,0,0,0,0,0,0,0,0,2,0,0,0,0,1,0,0,0,0,0,0,0,0,0,0,0,0,1
"AG020",0,0,NA,2,NA,0,0,0,0,0,NA,NA,NA,0,0,0,2,2,0,0,0,0,0,0,0,0,0,2,0,NA,0,2,1,0,2,0,NA,0,NA,2,0,0,0,0,2,0,0,0,0,NA,0,0,0,0,0,0,0,0,0,0,0,2,2,0,0,0,2,0,1,0,0,2,2,0,NA,0,2,0,NA,1,0,0,2,NA,0,0,0,0,0,0,0,0,0,0,0,0,NA,0,0,NA,0,0,0,0,0,0,0,0,0,NA,2,0,0,0,0,0,0,0,0,0,NA,0,0,0,0,0,0,2,0,0,0,0,0,0,0,NA,0,0,2,0,0,0,0,2,0,0,0,1,NA,NA,0,0,0,0,0,0,2
"AG028",0,NA,0,2,0,0,0,0,0,0,0,0,0,0,0,0,2,2,0,0,0,0,0,NA,NA,0,0,NA,0,0,0,0,1,0,2,0,NA,0,0,2,0,0,NA,0,2,0,0,0,0,0,NA,NA,0,0,NA,0,0,0,0,1,1,0,1,NA,0,0,2,0,0,0,0,2,0,0,0,0,2,0,0,2,0,0,2,0,NA,NA,0,0,0,NA,0,0,0,0,0,0,0,0,0,0,0,0,0,2,0,NA,0,0,0,0,2,0,0,0,0,0,NA,0,NA,0,0,0,0,0,0,0,0,2,0,0,0,0,NA,0,0,0,0,0,2,0,0,0,0,2,0,0,NA,0,0,0,0,0,0,1,0,0,2
"AG036",0,0,0,2,1,0,0,0,NA,0,0,0,1,NA,0,0,0,2,0,0,0,0,0,0,0,0,0,0,0,0,0,2,1,0,2,0,0,0,0,2,0,1,NA,0,2,0,0,2,0,0,0,0,0,0,0,0,NA,0,0,0,0,1,1,0,0,0,2,0,0,0,0,2,1,0,0,0,2,0,0,0,0,0,2,0,NA,0,0,0,0,0,0,2,0,0,1,0,0,0,0,0,0,0,0,0,0,0,0,0,0,NA,2,1,0,0,0,0,0,NA,0,0,0,0,0,0,0,0,0,2,0,0,0,0,0,0,0,0,0,NA,NA,0,0,0,0,0,0,0,0,0,0,0,0,0,0,0,0,0,2
"AG044",0,0,0,1,0,0,0,0,0,0,0,0,0,0,0,0,2,2,0,0,0,0,0,0,0,0,0,1,0,0,0,2,0,0,2,0,0,0,0,2,0,0,0,0,2,0,0,0,0,0,NA,0,0,1,0,0,0,0,NA,0,0,2,2,0,0,0,2,0,0,0,0,2,2,0,1,0,1,0,0,0,0,0,2,0,0,0,1,0,0,0,0,1,0,0,0,0,0,0,1,0,0,1,0,NA,0,0,0,1,0,0,2,0,0,0,0,1,0,2,0,0,NA,0,1,1,NA,0,0,2,0,0,0,0,0,0,0,0,0,0,2,0,0,0,0,0,0,0,0,0,0,0,0,0,0,0,0,0,2
"AG052",0,0,0,NA,0,0,0,0,0,NA,0,0,0,0,0,0,2,2,0,0,0,0,0,NA,0,NA,0,0,0,0,NA,2,1,0,NA,0,NA,2,NA,2,0,0,0,0,2,0,NA,0,0,0,0,0,1,0,NA,0,0,0,0,0,0,2,2,0,0,NA,2,0,0,NA,0,2,2,0,NA,0,2,0,0,0,0,0,2,0,0,0,0,0,0,0,0,0,0,0,0,0,0,0,0,0,0,0,0,0,0,0,0,0,0,0,2,0,0,0,0,0,0,0,0,NA,0,0,0,0,0,0,0,2,0,0,0,0,0,0,NA,0,NA,0,2,0,0,1,0,0,0,0,0,0,0,0,0,0,0,0,0,0,2
"AG068",0,0,0,2,0,1,0,0,0,0,0,0,0,NA,0,0,2,2,0,0,0,NA,0,0,0,0,0,0,0,0,0,2,0,0,2,0,0,0,2,2,0,0,0,0,2,0,0,0,0,0,0,0,0,0,0,0,0,0,0,0,0,2,2,0,0,0,2,0,0,0,0,2,2,NA,0,0,2,0,0,1,0,0,2,0,0,0,0,0,0,0,0,0,0,0,0,0,0,0,0,0,0,0,0,0,0,NA,0,0,0,0,0,0,0,0,0,0,0,0,0,0,0,0,0,0,0,0,0,2,0,0,0,0,0,0,0,1,0,0,1,2,0,0,0,0,0,0,0,0,0,0,0,0,0,0,0,NA,2
"AG005",0,0,0,2,0,0,0,0,0,0,0,0,NA,0,0,0,2,2,0,0,1,0,0,0,0,0,1,0,0,0,0,2,1,0,2,0,0,0,0,2,0,0,0,2,NA,0,0,0,0,NA,0,0,NA,2,0,0,0,0,0,2,0,2,2,0,2,0,2,0,1,0,0,2,2,0,2,0,2,0,0,0,0,0,2,0,0,NA,0,0,0,0,0,0,0,0,0,0,0,0,2,0,0,0,0,2,0,0,0,0,0,0,0,0,0,0,0,0,0,0,0,0,0,0,0,0,0,0,0,2,0,0,0,0,0,NA,0,0,0,0,NA,0,0,NA,0,2,0,0,0,0,0,0,0,0,0,0,0,0,2
"AG077",0,1,0,2,0,2,0,0,0,NA,0,0,0,0,2,0,NA,2,0,NA,1,NA,0,0,0,0,0,2,0,0,0,NA,0,0,NA,0,0,0,0,2,0,1,0,NA,2,0,0,0,0,0,0,0,0,0,0,0,0,0,0,0,0,2,2,0,0,0,2,0,0,0,0,2,NA,0,0,NA,2,0,0,NA,0,0,2,0,NA,0,0,0,0,0,0,0,0,0,0,0,0,0,0,0,0,0,0,0,0,0,0,0,0,0,0,0,0,0,0,0,NA,NA,1,0,0,0,2,0,0,0,NA,2,0,0,0,NA,0,0,0,0,0,0,2,1,0,0,NA,0,0,0,0,0,0,0,0,0,1,0,0,NA,2
"AG085",0,0,0,2,0,0,0,0,0,NA,0,NA,0,0,0,0,2,NA,0,0,0,0,0,0,0,0,0,1,0,0,NA,2,1,0,NA,0,0,0,0,2,0,0,0,NA,2,0,0,2,NA,0,1,0,0,1,NA,0,NA,0,0,1,0,2,0,0,0,0,2,0,1,0,0,1,1,0,0,0,2,0,NA,NA,0,0,2,0,0,NA,NA,0,0,0,0,0,0,0,NA,0,0,0,0,0,0,0,0,0,1,0,0,NA,NA,0,2,0,0,0,0,NA,0,0,0,0,0,0,NA,0,NA,0,0,2,0,0,0,0,NA,1,0,0,0,0,2,0,1,0,0,0,0,0,0,0,0,NA,NA,0,NA,0,0,0,2
"AG093",0,0,0,2,0,0,0,0,NA,0,0,0,NA,0,0,NA,2,2,0,0,0,0,0,0,0,0,1,0,0,0,0,2,1,NA,2,0,0,0,0,2,NA,NA,0,0,2,NA,0,0,0,0,0,0,0,0,0,0,0,NA,0,0,1,2,2,NA,NA,0,2,0,2,0,2,NA,2,NA,1,0,2,0,0,0,0,0,2,NA,0,0,0,NA,0,0,0,0,0,0,NA,0,0,0,1,0,0,0,NA,0,0,0,0,0,0,0,2,0,0,0,0,NA,0,0,NA,0,0,0,0,0,0,0,0,2,NA,0,1,0,NA,NA,0,0,0,0,2,0,0,0,0,0,0,0,0,0,NA,0,0,0,0,0,0,NA,2
"AG013",0,0,0,2,0,2,0,0,0,0,0,0,0,0,0,0,2,2,0,0,0,0,0,0,0,0,0,0,0,0,0,2,0,0,2,0,0,0,0,2,0,0,0,0,2,0,0,0,0,0,0,0,0,0,0,0,0,0,0,0,0,2,1,0,0,0,2,0,0,0,0,2,2,0,0,0,2,0,0,0,0,0,2,0,0,0,2,0,0,0,0,0,0,0,0,0,0,0,0,2,0,NA,0,0,0,0,0,0,0,0,1,0,0,0,0,0,0,0,0,0,0,0,0,0,0,0,0,2,0,0,0,0,0,0,0,0,0,0,2,0,0,0,0,0,0,0,0,0,0,0,0,0,2,0,0,0,2
"AG021",0,0,0,2,0,0,0,0,0,0,NA,0,NA,0,0,0,2,2,0,0,0,0,0,0,1,0,0,1,0,0,0,2,1,0,NA,0,0,0,0,2,0,0,0,0,2,0,0,0,1,2,0,0,0,0,0,0,0,0,0,0,0,2,2,0,0,0,2,0,1,0,0,2,2,0,0,0,2,0,0,0,0,0,2,0,NA,0,0,0,0,NA,0,2,0,0,0,0,0,0,0,0,0,0,0,1,0,0,0,2,0,0,2,2,0,0,0,NA,NA,0,0,0,0,0,0,0,0,0,0,2,0,0,0,0,0,0,0,0,0,0,2,0,0,0,0,1,0,0,0,1,0,NA,0,0,0,0,0,0,2
"AG045",0,0,0,1,0,0,0,0,0,0,0,0,0,0,0,0,2,2,0,0,0,0,0,0,0,0,0,1,0,0,0,2,0,0,2,0,0,0,0,2,0,0,0,0,2,0,0,0,0,0,0,0,0,1,0,0,0,0,0,0,0,1,2,0,0,0,2,0,0,0,0,2,2,0,1,0,NA,0,0,0,0,0,2,0,0,0,1,0,0,0,0,0,0,0,0,0,NA,0,2,0,0,0,0,2,0,0,NA,0,0,0,2,0,0,NA,0,0,0,0,0,0,0,0,1,1,0,0,0,2,1,0,0,0,0,0,0,0,0,0,2,0,0,0,0,0,0,0,0,0,0,0,0,0,0,0,0,0,2
"AG069",0,0,0,2,0,2,0,0,0,0,0,0,0,0,0,0,2,2,0,0,0,0,0,0,1,0,2,0,0,0,0,2,0,0,2,0,0,0,0,2,0,0,0,0,2,0,0,1,0,0,0,0,0,0,0,0,0,0,0,NA,0,NA,2,0,0,0,2,0,0,0,0,2,2,0,1,NA,2,0,0,0,0,0,1,0,1,0,0,0,0,0,0,0,0,0,0,1,NA,0,1,0,0,1,0,0,0,0,0,0,0,0,2,2,0,0,0,0,0,0,0,0,0,0,1,0,0,NA,0,2,0,1,0,0,NA,0,0,0,0,0,1,0,0,0,0,0,0,0,NA,0,NA,0,0,NA,0,0,0,0,2
"AG006",0,0,0,2,1,0,0,0,0,0,0,0,0,0,0,0,2,2,0,0,0,0,0,0,0,0,0,0,0,0,0,2,0,0,2,0,0,0,0,2,0,0,0,0,2,0,NA,2,0,0,0,0,0,0,0,0,0,0,0,0,0,2,1,0,0,0,2,0,NA,0,0,2,2,0,0,0,2,0,0,0,0,0,2,0,0,0,0,0,0,0,0,0,NA,0,0,0,0,NA,0,1,0,0,0,1,0,0,0,0,0,0,2,0,0,0,0,0,0,0,0,0,0,0,0,0,0,0,0,2,0,0,0,0,0,0,0,0,0,0,2,0,0,0,NA,0,NA,0,0,0,0,0,0,0,1,0,0,0,2
"AG078",0,0,0,2,NA,0,0,0,0,0,0,0,0,0,0,NA,2,2,0,0,0,0,0,0,2,0,0,NA,0,0,0,2,0,0,2,0,0,0,0,2,0,0,0,0,2,0,NA,0,1,0,0,0,0,0,0,0,0,0,0,0,0,2,2,0,0,0,2,0,1,NA,0,2,2,0,1,0,2,0,0,0,0,0,2,0,0,0,0,0,0,0,0,0,0,0,0,0,0,0,0,0,0,0,0,1,0,0,0,0,0,0,2,0,0,0,0,0,0,0,0,0,0,0,0,0,0,0,0,2,0,0,0,0,0,0,0,0,0,0,2,0,NA,0,0,0,0,0,0,0,0,NA,0,0,0,0,0,0,2
"AG086",0,0,0,2,0,0,0,0,NA,0,1,0,0,0,0,0,2,2,0,0,0,0,0,0,0,0,0,2,0,0,1,2,0,0,2,0,0,0,0,2,NA,0,0,0,2,0,0,0,0,0,NA,1,0,1,0,0,0,NA,0,0,0,2,2,0,0,0,2,0,0,0,0,2,NA,0,NA,0,2,0,NA,0,0,0,2,0,NA,1,2,0,0,0,0,0,0,0,0,0,0,0,1,0,0,0,0,NA,0,0,0,0,1,0,2,0,0,0,0,0,0,0,0,NA,0,0,1,0,0,0,0,2,0,0,NA,0,0,0,NA,0,0,0,2,0,0,0,0,0,0,0,0,0,0,0,0,NA,0,NA,0,0,2
"AG094",0,0,0,2,0,0,NA,0,0,0,0,0,0,0,0,0,2,2,0,0,0,0,0,0,1,0,NA,0,0,0,NA,2,1,NA,2,0,0,0,NA,2,2,0,0,0,2,0,NA,0,0,0,0,0,0,2,NA,0,0,0,0,NA,0,2,NA,0,NA,0,2,0,0,0,0,2,2,0,0,0,2,0,0,0,0,2,1,0,0,0,0,0,0,NA,0,NA,0,0,NA,0,0,0,1,NA,0,0,0,0,0,0,0,0,0,0,2,NA,0,0,0,0,0,NA,0,0,0,0,0,0,0,0,0,2,0,0,0,0,0,0,0,0,0,0,2,0,0,0,0,NA,0,0,0,NA,0,0,1,0,NA,0,0,1,2
"AG014",0,0,0,2,0,0,0,0,0,0,0,0,0,0,0,0,2,2,0,0,0,0,0,0,0,0,0,1,0,0,0,2,0,0,2,0,NA,0,0,2,0,0,1,0,2,0,0,1,1,0,0,0,0,1,NA,0,0,0,1,0,0,2,NA,0,0,0,2,NA,0,0,0,NA,2,0,0,0,2,NA,0,0,0,1,2,0,0,0,0,0,0,0,NA,0,0,0,0,0,0,0,2,0,0,NA,0,0,0,0,0,0,0,0,NA,NA,0,0,0,0,0,0,0,0,0,0,0,0,0,0,0,2,0,0,0,0,0,0,0,0,0,0,2,0,0,0,0,2,0,0,0,0,0,0,NA,0,1,0,0,0,2
"AG046",0,0,0,2,0,NA,0,0,0,1,0,0,0,0,0,0,2,2,0,0,1,0,0,0,0,0,0,0,0,0,0,2,0,0,2,0,0,0,0,2,0,0,0,0,2,0,0,0,0,0,0,0,0,1,0,0,0,0,0,0,1,2,1,0,0,0,2,0,0,0,0,2,2,0,0,0,2,0,0,0,0,0,2,0,0,0,0,NA,0,0,0,0,0,0,0,0,0,0,1,0,0,0,0,1,0,0,0,0,0,0,2,0,0,0,0,0,0,2,0,0,0,0,1,1,0,1,0,2,0,0,0,NA,0,NA,0,0,0,0,2,0,1,0,0,0,0,0,0,0,0,0,0,0,NA,0,0,0,2
"AG054",0,0,0,2,0,0,0,0,0,0,0,0,0,0,0,0,NA,2,NA,0,0,0,0,0,0,0,0,NA,0,0,1,2,0,0,2,0,0,0,NA,2,0,0,0,0,2,0,0,0,0,0,0,0,0,1,0,0,0,0,NA,0,NA,NA,2,0,0,0,2,0,0,NA,2,2,2,0,0,0,NA,0,2,NA,0,NA,2,0,0,0,0,0,0,0,0,NA,0,0,0,0,0,0,1,1,0,0,0,0,0,0,0,0,0,NA,2,0,0,1,0,0,NA,2,0,0,0,0,0,NA,0,0,0,2,0,0,NA,0,0,0,0,0,0,0,2,0,0,0,0,0,0,0,0,0,0,0,0,0,0,2,0,NA,NA
"AG070",0,0,0,2,0,0,NA,NA,0,0,0,0,0,0,0,0,2,NA,0,0,0,0,0,0,0,0,2,0,0,0,1,2,0,0,2,0,0,0,0,2,0,0,0,0,2,0,0,0,0,0,0,0,0,0,0,0,0,0,0,0,0,2,2,0,0,0,2,0,1,0,0,2,2,0,0,0,2,0,0,1,0,0,2,0,2,0,NA,0,0,0,0,0,0,0,0,0,0,0,0,0,0,0,0,0,NA,0,0,0,0,0,0,0,0,0,0,0,0,0,NA,0,0,0,0,0,0,0,0,2,0,0,0,0,0,0,0,0,0,0,0,2,0,0,0,0,0,0,0,0,0,0,0,0,0,0,0,0,2
"AG007",0,0,NA,2,1,0,0,NA,0,0,0,0,0,0,NA,0,2,2,0,0,0,0,0,0,0,0,1,0,0,0,0,2,0,0,2,0,0,0,0,2,0,0,0,0,NA,0,0,0,0,0,NA,0,0,2,0,NA,0,0,0,0,0,2,2,0,0,0,2,0,0,0,0,2,2,0,1,0,2,0,0,0,0,0,2,0,0,0,0,0,0,NA,0,0,0,0,NA,0,0,0,2,1,NA,NA,0,1,0,0,0,0,0,0,2,0,0,0,0,NA,0,0,NA,0,0,0,0,NA,0,0,0,2,0,0,0,0,0,0,0,0,0,0,2,0,0,0,0,0,NA,0,0,0,2,0,0,0,0,0,0,0,2
"AG087",0,0,0,2,0,0,0,NA,0,0,0,0,0,0,0,0,1,2,0,0,0,0,0,0,0,0,0,0,NA,0,2,2,0,0,2,0,1,0,0,2,0,1,1,0,2,0,NA,0,0,0,0,NA,0,0,0,0,NA,0,0,2,0,2,2,0,0,0,2,0,1,0,0,2,2,0,0,0,2,0,0,0,0,0,2,NA,0,0,0,0,0,0,0,1,0,1,0,0,0,0,NA,0,0,0,0,0,0,0,1,0,0,0,NA,0,0,0,0,0,0,0,0,0,0,NA,0,0,0,0,0,2,0,0,0,0,0,0,0,0,0,0,2,0,2,NA,0,0,0,0,0,0,0,0,0,0,1,0,0,0,2
"AG015",0,0,0,2,0,0,0,0,0,0,0,0,0,0,0,0,2,2,0,0,0,0,0,0,0,0,0,0,0,0,0,2,1,0,2,0,0,0,0,2,0,0,1,0,2,0,0,0,0,0,0,0,1,0,1,0,0,0,0,0,0,2,2,0,0,0,2,0,0,0,0,2,2,0,0,0,2,0,0,0,0,0,1,NA,0,0,0,0,0,0,0,0,0,0,0,1,0,0,0,2,0,0,0,1,0,0,0,0,0,0,2,0,NA,0,0,0,0,0,0,0,0,0,0,0,1,0,0,2,0,0,0,0,0,0,0,0,0,0,2,0,0,0,0,0,0,0,0,0,0,0,0,0,0,0,0,0,2
"AG023",0,0,NA,1,0,0,0,0,NA,NA,NA,NA,0,0,0,0,2,2,0,0,0,0,0,0,NA,0,0,NA,0,0,NA,2,1,0,2,NA,0,0,NA,1,0,0,0,0,2,0,0,0,0,0,0,0,0,2,0,NA,0,0,NA,NA,0,2,2,0,0,0,2,0,0,2,0,2,NA,0,0,NA,2,0,0,0,0,0,2,0,0,0,0,2,0,0,0,0,0,0,0,0,0,0,2,2,0,0,NA,1,0,NA,0,0,0,0,2,NA,0,0,0,0,0,0,0,NA,0,0,NA,0,0,NA,0,2,0,NA,0,0,0,0,0,0,0,1,2,NA,NA,0,0,0,NA,0,0,0,0,0,NA,NA,0,0,NA,0,2
"AG031",0,0,0,NA,NA,NA,0,0,0,0,0,0,NA,0,0,0,2,2,0,0,0,0,0,0,0,0,0,1,0,0,0,2,1,NA,2,0,0,0,0,2,0,0,0,0,2,0,0,NA,0,0,NA,0,0,0,0,0,0,0,0,NA,0,2,2,0,0,0,2,0,0,1,0,2,2,0,0,0,2,0,0,0,0,0,2,0,0,0,0,0,0,0,0,0,0,NA,NA,0,NA,0,0,0,0,NA,0,0,0,0,0,0,0,NA,NA,0,0,0,0,0,0,0,0,0,0,0,0,0,0,0,0,2,0,0,0,0,0,0,0,0,0,0,NA,0,0,NA,0,2,0,0,0,0,0,1,0,0,0,0,0,0,2
"AG039",0,0,NA,2,0,NA,0,0,0,0,0,0,0,0,1,0,2,2,0,0,0,0,0,0,2,0,2,NA,0,0,1,2,0,0,2,0,NA,NA,0,2,0,0,0,0,2,0,0,0,0,0,0,0,0,2,0,0,0,0,0,0,0,2,2,0,0,0,2,0,0,NA,0,2,2,0,NA,0,2,0,NA,0,0,0,2,0,0,0,0,0,0,0,0,0,0,0,NA,0,0,0,2,0,0,0,0,0,0,0,0,0,0,0,2,NA,1,0,0,0,NA,0,0,0,0,0,0,0,0,0,0,2,0,0,0,0,0,0,0,0,0,0,2,0,0,0,0,NA,0,0,0,0,0,0,0,0,1,1,0,0,2
"AG047",0,2,0,2,0,0,0,0,0,0,0,NA,0,NA,0,0,NA,2,0,0,0,0,0,0,0,0,0,0,0,0,0,2,1,NA,2,0,0,0,0,2,0,0,0,0,2,0,0,0,0,0,0,0,0,0,2,0,0,0,0,NA,0,NA,2,0,0,0,2,0,2,0,0,2,2,0,0,0,2,0,0,0,0,0,NA,0,NA,0,1,0,0,0,0,0,0,0,0,NA,0,0,0,0,0,0,0,0,0,0,0,0,0,0,2,0,0,0,0,0,0,0,0,0,0,0,0,0,0,0,0,2,0,0,NA,0,0,0,0,0,0,0,2,0,0,0,0,0,0,0,NA,0,0,0,1,0,0,0,0,NA,2
"AG055",0,0,NA,NA,0,2,0,NA,0,1,0,0,0,0,NA,NA,2,2,0,0,0,0,0,0,0,0,0,0,NA,0,0,2,0,0,2,NA,0,0,0,NA,0,0,0,0,2,0,0,NA,0,0,0,NA,0,0,0,0,0,0,NA,0,0,NA,2,0,0,0,2,0,0,NA,0,2,2,0,0,NA,2,0,0,0,0,0,2,0,0,0,NA,0,0,0,0,0,0,0,0,0,0,0,NA,1,0,1,NA,2,0,0,0,0,0,0,0,0,0,0,0,0,1,0,NA,0,0,0,0,0,NA,NA,NA,2,0,0,0,0,0,0,0,0,0,0,NA,0,0,0,0,0,0,0,0,0,0,NA,0,NA,NA,0,0,0,2
"AG063",0,0,0,2,1,0,0,0,0,NA,0,0,NA,0,0,0,1,2,0,NA,0,0,0,0,0,0,1,0,0,0,0,NA,0,0,2,0,0,0,NA,2,0,0,0,0,2,NA,0,0,0,0,0,0,NA,0,0,0,NA,0,NA,0,0,2,2,0,0,0,0,0,0,2,0,NA,2,0,0,0,2,NA,0,0,0,NA,2,0,0,0,0,0,0,0,0,0,0,0,0,0,0,NA,0,0,0,0,0,0,0,0,0,NA,0,0,0,0,0,2,0,0,1,0,0,0,0,0,0,0,0,NA,0,2,NA,0,0,0,0,NA,0,2,0,0,2,0,0,0,0,NA,1,0,0,0,0,0,0,0,0,0,1,NA,1
"AG071",0,0,0,2,0,1,0,0,0,1,NA,0,0,0,0,0,2,2,0,0,0,0,0,0,0,0,0,0,0,0,1,2,0,0,2,0,0,0,2,2,0,0,0,0,2,NA,0,0,0,0,0,0,0,0,0,0,0,0,0,0,0,2,2,0,0,0,2,0,0,NA,0,2,2,0,0,NA,2,0,0,0,0,0,2,NA,0,0,NA,0,0,NA,0,0,0,0,NA,0,0,0,NA,0,0,0,0,0,0,0,0,0,0,0,0,0,0,0,0,0,0,0,0,0,0,0,1,0,0,0,0,2,NA,0,0,0,0,0,0,0,0,0,2,NA,0,0,0,0,0,0,0,0,0,0,0,0,0,1,2,0,1
"AG008",0,0,0,2,0,0,0,0,0,0,0,0,0,0,NA,0,2,NA,0,0,0,0,0,0,0,0,0,0,0,0,0,2,0,0,2,0,0,0,0,2,0,0,0,0,2,0,0,0,0,0,0,0,0,0,0,0,NA,0,0,0,0,2,2,NA,0,0,2,0,0,0,0,2,2,0,1,0,2,0,0,0,0,0,2,0,0,0,0,0,0,0,0,0,0,0,0,0,0,0,0,0,0,0,0,1,1,0,0,0,0,0,1,0,0,0,0,0,1,0,0,0,0,0,0,0,0,0,0,2,0,0,0,0,0,0,1,0,0,0,2,0,0,0,0,0,0,0,0,0,0,NA,0,NA,0,0,0,0,2
"AG080",0,NA,0,NA,0,1,NA,0,0,0,NA,0,0,1,0,0,2,2,0,0,0,NA,0,0,0,0,0,0,0,0,0,2,0,0,NA,0,0,0,0,2,0,0,0,0,2,0,0,0,0,0,0,0,0,0,0,0,0,0,0,0,0,1,2,0,0,0,2,0,0,0,0,2,2,0,0,0,2,0,0,0,NA,0,2,0,NA,0,1,0,0,0,0,NA,0,0,0,0,0,0,0,0,0,1,0,2,0,0,0,0,1,0,2,0,0,NA,0,0,0,NA,0,0,0,0,2,0,0,0,0,2,1,0,0,0,0,0,0,0,0,NA,2,0,0,0,0,0,0,0,0,0,0,0,0,0,0,0,0,0,2
"AG088",0,0,0,2,1,0,0,0,0,1,0,0,0,0,0,0,2,2,0,0,0,0,0,0,NA,0,0,0,0,1,0,2,0,0,2,0,0,0,0,2,0,0,0,0,2,0,0,0,1,0,NA,0,0,0,0,0,0,0,0,0,0,2,2,0,0,0,2,0,0,0,0,2,2,0,0,0,2,0,NA,0,0,0,2,0,0,0,0,0,0,0,0,0,0,0,0,0,0,0,NA,1,0,0,0,0,0,0,0,0,0,0,2,NA,0,2,0,0,0,0,0,0,0,0,0,0,0,0,0,2,0,0,NA,0,0,0,0,0,0,0,NA,0,0,0,0,0,0,0,0,0,0,0,0,0,2,0,0,NA,2
"AG016",0,0,0,2,0,0,0,0,0,0,0,0,0,0,0,0,2,2,0,0,0,0,0,0,0,0,0,1,0,0,2,2,0,0,2,0,2,0,0,2,0,0,0,0,2,0,0,0,0,0,0,0,0,1,0,0,0,0,0,0,1,2,2,0,0,0,2,0,0,0,2,2,2,0,0,0,2,0,0,0,0,0,2,0,0,1,0,0,0,0,0,2,0,0,0,0,0,0,0,0,0,0,0,0,0,0,0,0,0,0,2,0,0,0,0,0,0,0,0,0,0,0,0,0,0,0,0,2,0,0,0,0,0,0,0,0,0,0,2,0,0,0,0,0,0,0,0,0,0,0,0,0,0,0,1,0,2
"AG024",0,0,0,2,1,0,0,0,0,0,0,NA,0,0,0,0,2,NA,0,0,NA,0,0,0,NA,0,0,0,2,0,0,2,0,0,NA,0,0,0,0,2,NA,0,0,0,2,0,0,0,0,0,0,NA,0,0,0,0,0,0,0,0,0,0,2,0,0,0,2,0,1,0,0,2,2,NA,0,0,2,1,0,0,0,0,2,0,0,0,0,NA,0,NA,2,0,NA,0,2,0,0,0,0,0,0,0,0,0,0,0,0,1,0,0,1,0,NA,0,0,0,0,0,NA,0,NA,0,NA,0,0,0,NA,NA,0,0,NA,0,0,0,0,0,0,0,2,0,0,0,0,0,0,0,0,0,0,0,0,NA,NA,0,0,0,2
"AG032",0,NA,0,2,0,0,0,0,NA,NA,0,0,0,0,0,NA,2,2,0,0,0,0,0,0,0,0,0,0,0,0,0,2,1,NA,2,0,0,0,0,1,0,0,0,0,2,0,0,0,1,0,0,0,2,0,0,0,0,0,0,0,0,2,1,0,0,0,2,0,0,0,0,2,0,0,0,0,2,0,0,0,0,0,2,0,0,0,NA,0,0,0,0,0,NA,0,0,0,0,0,0,1,NA,0,0,0,0,NA,0,0,0,0,2,0,1,0,0,0,0,0,0,0,0,0,0,0,0,NA,0,2,0,0,0,0,0,0,0,0,0,1,2,0,0,0,0,0,0,0,0,0,NA,0,0,0,0,0,0,0,2
"AG040",0,NA,0,2,0,2,0,0,0,0,0,0,0,0,0,0,2,1,0,0,0,NA,0,0,0,0,0,0,0,0,0,2,1,0,2,0,0,0,0,2,0,0,0,0,2,0,0,0,0,0,0,NA,0,0,0,NA,0,0,0,0,2,2,2,0,0,0,2,0,0,0,0,2,2,0,0,0,2,0,0,0,0,0,2,NA,0,NA,0,0,0,0,0,0,0,0,0,0,0,0,0,2,0,0,0,2,0,0,0,0,0,0,NA,0,0,0,0,0,0,0,0,0,0,0,1,1,0,0,0,2,1,0,0,0,0,0,0,NA,0,0,2,NA,0,0,0,0,0,0,0,0,0,NA,0,0,0,0,0,0,2
"AG056",0,0,0,2,0,0,0,0,0,0,0,0,0,0,0,0,2,2,0,NA,0,0,0,0,0,0,1,0,0,0,NA,2,1,0,2,0,0,NA,NA,2,0,0,0,0,2,0,0,0,0,0,0,0,0,1,0,NA,0,0,0,0,1,2,2,1,0,NA,2,0,0,0,0,2,2,0,1,0,2,0,1,0,0,0,2,0,NA,0,0,NA,0,NA,0,NA,NA,0,0,0,0,0,1,0,0,0,0,NA,0,0,0,0,0,0,1,0,NA,0,0,0,0,0,0,0,0,0,0,0,0,0,0,2,0,0,0,0,0,0,0,0,0,0,1,0,2,0,0,0,0,0,0,0,0,0,0,0,0,0,0,NA,2
"AG072",0,0,0,2,1,1,0,0,0,0,0,0,0,NA,0,0,2,2,0,0,0,0,0,0,0,0,1,0,0,0,1,2,1,0,2,0,0,0,0,2,0,0,1,0,2,0,0,0,0,0,0,1,0,0,0,0,0,0,0,0,0,2,2,0,0,0,2,0,0,0,0,2,2,0,0,NA,2,0,NA,0,1,0,2,0,0,0,0,0,0,0,0,0,0,0,1,0,0,0,0,0,0,0,0,2,0,2,0,0,0,0,2,0,0,0,0,0,NA,0,0,0,NA,0,1,0,NA,0,0,2,0,0,0,0,0,0,0,0,0,0,2,1,0,0,0,0,0,0,0,0,0,0,0,NA,0,0,0,0,2
"AG095",1,0,1,NA,0,0,0,NA,0,0,0,0,0,0,0,0,2,2,0,0,0,0,0,0,0,0,2,0,0,0,0,2,0,0,2,0,0,0,0,2,0,0,0,0,2,0,0,0,NA,0,0,0,NA,0,0,0,0,0,NA,0,0,2,2,0,0,NA,2,NA,1,0,0,2,NA,0,0,0,2,0,NA,0,0,0,2,0,0,0,0,0,0,0,0,0,0,0,0,0,0,0,0,0,0,0,0,0,0,NA,0,0,0,0,2,0,0,NA,0,0,0,0,0,0,0,0,0,0,0,0,NA,2,0,0,0,0,0,0,0,0,0,0,2,0,0,0,0,0,0,0,0,0,0,0,0,0,1,0,0,0,2
"AG167",0,0,0,2,0,0,0,0,0,0,0,0,0,0,0,0,2,2,NA,0,0,0,0,0,0,0,0,0,0,0,0,2,0,0,1,0,0,0,0,2,0,0,0,0,2,0,0,0,1,0,0,0,0,0,1,0,0,0,0,0,0,2,2,0,0,0,2,0,1,0,0,2,2,0,0,0,2,0,0,0,0,0,0,0,0,0,0,0,0,0,0,0,0,0,0,NA,0,0,0,0,0,0,0,0,0,0,0,0,0,0,2,0,0,NA,0,0,1,0,0,0,NA,0,1,1,0,0,0,2,0,0,0,0,0,0,0,0,0,0,2,0,0,0,0,0,0,0,0,0,0,1,0,0,0,0,0,0,2
"AG183",0,0,0,2,NA,0,0,0,0,NA,NA,0,0,0,0,0,2,2,0,0,0,0,0,0,0,0,0,0,0,0,0,2,0,0,2,0,0,0,0,2,0,0,NA,0,2,0,0,0,1,1,0,0,0,0,0,0,NA,0,0,0,0,NA,2,0,0,0,2,0,1,0,0,2,2,0,1,0,2,0,0,NA,0,0,0,0,0,0,0,0,1,0,0,1,0,NA,0,NA,NA,0,0,2,0,0,0,1,0,0,0,0,0,0,1,0,0,0,0,0,0,0,0,0,0,0,2,1,0,0,0,2,0,0,0,NA,0,0,0,0,0,0,2,2,0,0,0,0,NA,0,0,0,0,0,0,0,0,2,0,0,2
"AG111",0,0,0,2,0,0,0,0,1,0,0,0,0,0,0,0,1,2,0,0,0,0,0,0,0,0,0,0,0,0,0,2,0,0,2,0,0,0,0,2,0,0,0,0,2,0,0,0,0,0,0,0,2,0,0,0,0,0,0,0,0,2,2,0,0,0,2,0,0,0,0,2,2,0,1,0,2,0,0,0,0,0,2,0,0,0,0,0,0,0,0,0,0,0,0,0,0,0,0,0,0,0,0,1,0,0,0,0,0,0,2,0,0,0,0,0,0,0,0,0,0,0,1,0,0,0,0,2,0,0,0,0,0,0,0,0,0,0,2,0,1,0,0,0,0,0,0,1,0,0,0,0,0,0,0,0,2
"AG119",0,0,0,2,0,0,0,0,0,0,0,0,0,0,0,0,2,2,0,0,0,0,0,0,0,0,0,0,0,0,0,2,0,0,2,0,0,0,0,2,0,0,0,0,2,0,0,0,0,0,0,0,0,1,2,0,0,0,0,0,0,2,2,0,0,0,2,0,0,0,0,2,2,0,0,0,2,0,0,0,0,0,2,0,0,0,0,0,0,0,0,0,0,0,0,0,0,0,1,0,0,0,0,0,0,0,0,0,0,0,2,0,0,0,2,0,0,0,0,0,0,0,1,0,0,0,0,2,1,0,0,0,0,0,0,0,0,0,2,0,0,0,0,1,0,0,0,0,0,0,0,0,0,0,0,0,2
"AG159",0,0,0,2,NA,0,0,0,1,0,0,0,0,0,0,0,1,2,0,0,0,0,0,0,0,0,0,0,0,0,0,2,0,0,2,0,0,0,0,2,0,0,0,0,2,0,NA,0,0,1,0,0,0,1,1,0,0,0,0,0,1,1,2,NA,0,0,2,NA,0,0,0,2,2,0,0,2,2,0,0,0,0,NA,NA,0,0,0,0,0,0,0,NA,0,0,0,NA,NA,0,0,1,0,0,NA,0,0,0,0,0,0,0,0,1,0,0,2,0,0,0,0,0,0,0,0,1,NA,NA,0,0,2,0,NA,NA,0,0,NA,0,0,0,0,2,NA,1,0,0,1,0,0,0,NA,0,0,0,0,0,NA,0,0,2
"AG096",0,NA,0,2,NA,0,0,0,0,0,0,0,0,0,0,0,1,2,0,0,0,0,0,NA,NA,NA,0,0,0,NA,0,2,0,0,2,0,0,0,NA,2,0,0,0,0,2,0,0,0,0,0,NA,NA,0,0,0,0,NA,0,0,0,0,2,2,0,0,0,2,0,1,NA,0,2,2,0,0,NA,0,0,0,2,0,0,2,0,0,0,0,0,0,0,NA,0,0,NA,NA,0,0,0,0,0,0,0,0,0,0,0,0,0,0,0,2,0,0,0,0,0,0,0,0,0,0,0,1,0,0,0,0,2,NA,0,0,0,0,NA,0,0,0,0,2,0,0,0,0,0,0,0,0,1,0,0,0,0,NA,0,0,0,2
"AG168",0,0,NA,2,0,1,0,0,0,0,0,1,0,0,0,0,NA,2,0,0,0,0,0,0,0,0,0,0,1,NA,0,2,0,0,2,0,NA,0,0,2,0,0,0,0,2,0,0,0,0,0,0,0,0,0,0,0,NA,0,0,0,1,NA,2,0,0,0,2,0,2,0,0,NA,NA,0,0,0,2,0,0,0,0,0,2,0,0,0,0,0,0,0,0,1,NA,0,0,0,0,0,0,0,0,0,0,1,0,0,0,0,0,0,2,0,0,0,0,0,0,1,0,0,0,0,0,NA,0,NA,0,2,0,0,0,NA,0,0,0,0,0,0,2,NA,0,0,0,0,0,0,0,0,0,0,0,0,0,0,0,0,2
"AG176",0,0,0,2,0,0,0,0,0,0,0,0,0,0,0,0,2,2,0,0,0,0,0,0,1,NA,2,0,0,0,NA,2,0,0,2,0,0,0,0,2,0,0,0,0,2,NA,0,0,1,NA,0,0,0,0,0,0,NA,0,0,0,0,2,2,0,0,0,2,NA,1,0,0,2,2,0,0,0,2,0,0,0,0,0,NA,0,0,NA,0,0,0,0,0,0,NA,0,0,NA,0,0,0,0,0,0,0,0,0,1,0,0,0,0,0,0,0,NA,0,0,0,0,0,0,1,0,1,0,0,0,0,2,0,0,0,0,0,0,0,0,0,0,2,0,0,0,0,2,0,0,0,0,0,0,0,0,NA,0,0,0,2
"AG184",0,0,0,2,0,0,NA,0,0,0,0,0,0,0,0,0,2,2,NA,0,1,0,0,0,0,0,0,1,0,0,0,2,1,0,2,0,0,0,0,2,0,0,0,0,2,0,0,0,0,0,0,0,0,0,0,0,0,0,0,NA,1,2,2,0,0,0,2,0,0,0,0,2,2,0,0,0,1,0,0,0,NA,0,2,0,1,NA,0,0,0,0,0,0,NA,0,0,0,0,0,0,0,0,2,0,0,0,0,0,0,0,0,2,0,0,0,0,0,0,0,0,0,0,0,0,0,0,0,0,2,0,0,0,0,0,0,0,0,0,0,2,0,0,0,2,2,0,0,0,0,0,0,0,0,0,0,0,0,1
"AG104",0,0,0,2,0,NA,0,0,1,0,0,0,NA,0,0,0,2,2,0,0,0,NA,0,0,NA,0,0,0,0,0,0,2,0,0,2,0,0,0,0,2,NA,0,0,0,2,0,0,1,1,0,0,0,NA,0,NA,0,0,0,0,0,0,2,2,0,0,0,2,0,NA,0,2,2,2,NA,NA,0,2,0,0,NA,0,NA,NA,0,0,0,0,0,0,0,0,0,NA,0,0,NA,0,0,NA,0,0,NA,NA,0,0,NA,0,0,0,0,NA,0,0,0,0,0,0,0,0,0,0,2,0,0,0,0,0,2,NA,0,0,0,0,0,NA,0,2,0,NA,0,0,NA,0,0,0,0,0,0,0,NA,0,0,2,0,0,0,2
"AG112",0,0,0,2,0,NA,0,0,0,0,0,0,0,0,0,0,2,2,0,0,0,0,0,0,1,0,0,0,0,0,0,2,1,0,2,0,0,0,NA,2,0,0,0,0,2,0,2,0,0,0,0,0,0,0,0,0,0,0,0,0,1,2,2,0,0,NA,2,0,0,NA,2,2,2,0,0,0,2,0,0,0,0,0,2,0,0,0,0,0,0,0,1,0,0,0,0,0,NA,0,1,0,0,0,0,0,0,0,0,0,0,0,2,0,0,0,0,0,0,0,0,0,0,0,0,0,0,0,0,2,0,0,0,0,0,0,0,0,0,0,2,0,2,0,0,1,0,0,0,0,0,0,NA,0,0,0,0,0,2
"AG120",0,2,0,2,1,0,0,0,0,0,0,0,0,0,0,0,2,2,0,0,0,0,0,0,0,0,0,0,0,0,0,2,1,0,2,0,0,0,0,2,0,0,0,0,2,0,NA,0,1,1,0,0,0,0,0,0,0,0,0,0,0,NA,2,0,0,NA,2,0,1,0,0,2,2,0,0,0,2,0,0,0,0,0,2,0,0,0,0,0,0,0,0,0,0,0,0,0,0,0,0,0,0,0,0,2,0,0,0,0,1,0,2,0,0,0,0,0,0,0,0,0,0,1,NA,0,0,0,0,2,1,0,NA,0,0,0,0,0,0,0,2,2,0,0,0,NA,0,0,NA,0,0,0,0,0,0,1,0,0,2
"AG144",0,0,0,2,NA,0,NA,0,0,2,0,0,NA,0,0,0,NA,2,0,0,0,0,0,0,0,0,0,0,0,0,0,2,1,0,2,NA,NA,0,0,2,0,0,NA,0,2,0,0,0,0,0,0,0,0,0,NA,0,0,0,0,0,0,NA,2,1,NA,0,2,NA,0,0,0,2,2,0,2,0,2,0,0,0,0,0,2,0,0,0,0,NA,NA,0,0,NA,0,NA,0,0,NA,0,0,1,0,0,0,0,0,NA,0,0,0,0,0,0,0,0,0,NA,1,0,0,0,0,0,2,0,0,0,0,2,0,0,0,0,NA,0,0,0,0,0,0,0,0,NA,0,2,0,0,0,0,0,0,NA,0,0,0,0,NA,2
"AG152",0,0,0,2,0,0,NA,0,0,0,0,0,0,0,0,0,2,NA,0,NA,0,0,0,0,0,NA,0,0,0,0,1,2,0,0,2,0,0,NA,0,2,0,0,0,0,2,1,0,0,NA,0,NA,0,0,2,0,0,0,0,0,0,0,2,2,0,0,0,2,0,0,0,0,NA,2,0,NA,0,0,0,0,2,0,0,NA,0,0,0,0,0,0,NA,0,0,0,0,0,NA,NA,0,2,0,NA,0,0,0,0,0,0,0,NA,0,2,0,0,0,0,0,0,0,0,0,0,0,0,0,0,0,NA,2,NA,0,0,0,0,0,0,NA,0,NA,2,0,0,0,0,0,0,0,0,0,0,NA,NA,NA,2,NA,0,0,2
"AG160",0,0,0,2,0,0,0,0,0,0,0,0,0,0,0,0,NA,2,0,0,0,1,0,0,0,0,0,0,0,0,0,2,1,0,2,0,0,0,0,2,0,0,0,0,2,0,0,2,0,0,0,0,0,0,0,0,0,0,0,0,2,2,2,0,0,0,2,0,0,0,0,2,2,0,2,0,2,0,0,0,0,NA,2,0,0,NA,0,0,0,1,0,0,NA,0,0,0,0,0,0,NA,1,0,0,0,0,0,0,0,0,0,NA,NA,0,0,0,0,1,2,NA,0,0,0,0,0,0,0,0,2,0,0,0,0,0,0,0,0,0,0,2,0,0,0,0,0,0,0,0,0,0,0,NA,0,2,0,0,0,2
"AG097",0,0,1,2,NA,0,0,0,0,0,0,0,0,0,0,0,2,2,0,NA,0,0,0,0,0,0,0,0,1,0,0,2,0,0,2,0,0,0,0,2,0,1,NA,NA,2,0,0,0,0,0,0,0,NA,0,0,0,0,0,0,0,0,NA,NA,0,0,0,NA,0,NA,0,0,2,2,0,0,0,2,NA,0,0,0,0,2,0,0,0,0,0,0,0,0,0,NA,0,0,0,0,0,0,0,0,2,0,0,0,0,0,0,0,0,2,0,0,0,0,0,0,2,0,0,NA,0,0,0,0,0,0,2,0,0,0,0,0,0,NA,0,NA,0,2,0,0,0,0,1,NA,0,0,0,NA,0,0,0,0,0,0,0,2
"AG177",0,0,0,2,0,0,0,0,0,NA,0,0,0,0,0,0,2,NA,0,0,0,0,0,0,0,0,0,0,0,NA,0,2,1,0,2,0,0,0,0,2,0,0,0,0,2,0,0,0,0,0,0,0,0,0,2,0,0,0,0,0,1,NA,2,1,0,0,2,0,0,0,0,2,2,0,0,0,2,0,0,0,0,0,2,0,0,0,0,0,0,0,0,0,0,0,0,0,0,0,0,0,0,0,0,1,0,0,0,0,0,NA,0,0,0,0,0,0,1,2,0,0,0,1,0,0,0,NA,0,2,0,0,0,0,0,0,0,0,0,0,2,NA,0,0,0,1,0,0,0,0,0,0,0,0,0,0,NA,0,2
"AG185",0,0,0,2,0,0,0,0,0,0,0,0,0,0,0,NA,2,2,0,0,0,0,0,0,0,0,0,0,0,0,0,2,0,0,2,0,0,0,0,2,0,0,0,0,2,0,0,0,0,0,0,0,0,0,0,0,1,0,0,0,0,2,2,0,0,0,2,0,2,0,0,2,2,0,1,0,2,0,0,0,0,0,2,0,0,0,0,0,0,0,0,0,0,0,0,0,0,0,0,0,0,0,0,2,0,0,0,0,0,0,1,0,1,0,0,0,0,0,0,0,0,0,0,1,0,0,0,2,0,0,0,0,0,0,0,0,0,0,2,0,0,0,0,0,NA,0,0,0,0,0,0,0,0,0,0,0,2
"AG105",0,1,0,2,0,0,0,NA,0,2,0,0,0,0,1,0,2,2,0,0,0,0,0,0,NA,0,0,0,NA,NA,0,2,0,0,2,0,0,0,0,2,0,0,0,0,2,NA,0,0,0,0,0,0,2,0,0,NA,0,1,0,0,0,2,2,0,0,0,2,0,0,0,2,2,2,0,0,0,2,0,NA,0,0,0,NA,0,0,0,NA,0,0,0,0,0,1,0,0,NA,0,0,0,0,0,0,0,0,NA,0,0,0,0,0,2,1,0,0,0,0,0,0,0,0,0,0,0,0,0,0,NA,2,0,0,0,0,0,0,0,0,0,0,2,1,0,NA,0,0,0,0,0,1,0,0,0,0,0,1,0,0,2
"AG113",0,0,0,2,0,0,0,0,0,0,0,0,0,0,0,0,2,2,0,0,NA,0,0,0,2,0,0,0,0,0,0,2,0,0,2,0,1,0,0,2,0,0,0,0,2,0,0,0,0,0,0,1,0,0,0,0,0,0,0,0,0,2,2,0,0,0,2,0,0,0,0,2,2,0,0,0,1,0,0,0,0,0,2,0,0,0,0,0,0,0,0,0,0,0,0,0,0,0,0,0,0,0,0,1,0,0,0,0,0,0,2,0,0,0,0,0,0,1,0,0,0,0,0,0,0,0,0,NA,1,0,0,0,0,0,0,0,0,0,2,0,0,0,0,0,0,0,0,0,0,0,0,0,NA,0,0,0,2
"AG121",0,0,0,2,0,0,0,0,0,0,0,0,0,0,NA,0,2,2,0,0,0,0,0,0,0,0,0,0,0,0,0,2,0,0,2,0,0,0,0,2,0,0,0,0,2,0,0,0,0,NA,0,0,0,1,2,0,0,0,0,0,0,2,2,0,0,0,2,0,0,0,0,2,2,0,0,0,2,0,0,0,0,0,2,0,0,0,0,0,0,0,0,0,0,0,0,0,0,0,0,0,0,0,0,0,0,0,0,2,0,2,2,0,0,0,0,0,1,0,0,0,0,0,0,0,0,0,0,2,0,0,0,0,0,0,0,1,0,0,2,0,0,0,0,0,0,0,0,0,0,0,0,0,0,0,0,0,2
"AG129",0,0,0,2,0,0,0,0,0,0,0,0,0,0,0,0,2,2,0,0,1,0,0,NA,0,0,0,0,0,0,0,2,0,2,2,0,0,0,0,2,0,0,0,0,2,0,0,0,1,0,0,NA,0,0,2,0,0,0,0,0,0,2,2,0,0,0,2,0,NA,NA,0,2,2,0,0,0,2,0,0,0,0,2,2,0,0,0,0,0,0,NA,2,0,0,0,0,0,0,0,NA,0,0,NA,0,0,0,0,0,0,0,0,2,0,2,0,0,0,0,0,0,0,0,0,0,NA,0,0,0,2,0,0,0,0,0,0,0,0,0,0,NA,NA,2,NA,0,0,0,0,0,0,0,0,NA,0,1,0,NA,0,2
"AG145",0,0,0,2,0,0,0,0,0,NA,0,0,0,0,0,0,2,2,NA,0,0,0,0,0,0,0,1,0,0,0,0,2,1,0,2,0,0,0,0,NA,0,1,NA,0,2,0,0,0,0,0,0,0,0,0,2,0,1,0,0,0,0,2,2,0,0,0,2,0,0,0,0,2,2,0,2,NA,NA,0,0,0,0,0,2,0,0,0,0,0,0,0,0,0,0,0,0,0,0,0,0,0,0,NA,0,0,0,0,0,0,0,0,2,NA,0,NA,0,0,0,0,0,NA,0,0,NA,NA,0,0,0,2,0,0,0,0,1,NA,0,0,0,0,1,0,0,NA,0,0,0,0,0,0,NA,0,0,0,0,0,0,0,0
"AG153",0,1,0,2,0,0,0,0,0,0,0,0,0,0,0,0,2,2,0,0,0,0,0,0,0,0,0,1,0,0,0,NA,1,0,2,0,0,0,0,2,0,0,0,0,2,1,0,0,0,0,0,0,0,1,0,0,0,0,0,0,0,2,2,0,0,0,2,0,0,0,0,2,2,0,0,0,2,0,0,1,0,0,2,0,0,0,0,0,NA,0,0,0,0,0,0,0,0,0,0,0,0,0,0,0,0,0,0,0,0,0,2,0,0,0,0,0,0,0,0,0,0,0,0,0,0,0,0,2,1,0,0,0,1,0,0,0,NA,0,2,0,0,0,0,0,NA,0,0,0,0,0,0,0,1,0,0,0,2
"AG161",0,0,0,2,2,0,0,0,0,0,0,0,0,0,0,0,1,2,0,0,0,1,0,0,0,0,0,0,0,0,1,2,0,0,2,NA,0,0,0,2,0,1,0,0,2,0,0,0,0,0,0,0,0,0,0,0,0,0,0,0,0,2,2,0,0,0,2,0,0,0,0,2,2,0,0,0,2,0,0,0,0,0,2,0,0,0,0,0,0,0,0,0,0,0,0,0,0,0,0,0,0,1,0,0,0,0,0,0,0,0,2,0,0,0,0,0,1,0,NA,0,0,0,0,0,0,0,0,2,0,0,0,0,0,0,0,0,0,0,2,0,0,0,0,0,0,0,0,0,0,0,0,0,0,0,0,0,2
"AG098",0,0,0,2,0,0,0,0,0,0,0,0,0,0,0,0,2,2,0,0,0,0,0,0,1,0,0,0,0,0,0,2,2,0,2,0,0,0,NA,2,0,0,0,0,NA,0,1,0,0,0,0,0,NA,2,0,0,0,0,0,0,0,2,2,0,0,0,2,0,0,0,0,2,2,0,0,0,2,NA,0,NA,NA,0,NA,0,0,0,0,0,0,0,0,0,0,0,0,NA,0,0,2,0,0,2,0,0,0,0,0,0,0,0,2,0,NA,0,0,0,0,NA,0,0,0,0,0,0,0,0,0,2,0,0,0,0,0,0,0,0,0,0,2,0,0,0,0,0,0,NA,0,0,0,0,0,0,2,0,0,0,2
"AG170",0,0,0,2,0,2,0,0,0,0,0,0,0,0,0,0,NA,2,0,NA,0,0,0,0,0,0,0,1,1,0,0,NA,1,0,NA,0,0,0,0,2,0,0,NA,0,2,0,NA,NA,0,2,0,NA,0,0,0,0,0,0,0,0,0,2,2,0,2,NA,2,0,0,0,0,2,2,NA,0,0,2,NA,0,0,0,0,1,0,0,0,0,NA,0,0,0,0,0,0,0,1,0,0,NA,NA,0,0,0,0,0,0,0,0,0,0,0,0,0,1,0,0,1,0,0,0,0,0,1,0,0,0,0,2,0,0,0,0,0,0,0,NA,0,0,2,0,0,0,0,0,0,0,NA,0,0,0,0,0,1,0,1,0,2
"AG178",2,1,0,2,0,0,0,0,0,0,0,0,0,0,0,0,2,2,0,0,0,0,0,0,0,0,0,0,0,0,0,2,0,NA,2,0,0,0,0,2,0,0,0,0,2,0,0,0,0,1,0,0,0,0,0,0,0,0,0,0,0,2,2,1,0,0,2,0,0,0,0,2,2,0,2,0,2,0,1,0,0,0,2,0,0,0,0,0,0,0,0,0,0,0,0,0,0,1,0,0,0,0,0,0,0,0,0,0,0,0,1,0,0,0,0,0,0,0,0,0,0,0,1,0,0,0,0,2,0,0,0,0,0,0,0,0,NA,0,2,0,0,0,NA,2,0,0,0,0,0,0,0,0,0,0,0,0,2
"AG186",0,0,0,2,0,0,NA,NA,0,0,0,NA,0,0,0,0,2,2,0,NA,1,0,0,0,1,0,0,0,0,0,1,2,0,0,2,0,0,0,0,2,0,0,0,0,2,0,0,0,0,0,NA,0,NA,0,0,0,0,0,NA,0,0,2,2,0,0,0,2,0,2,0,0,2,2,0,1,0,2,0,0,0,NA,0,2,0,0,0,0,0,0,0,0,0,0,0,0,0,0,0,0,0,0,0,0,1,0,0,NA,0,0,0,1,0,NA,0,0,NA,0,0,0,0,0,0,0,0,NA,0,0,2,0,0,0,0,0,0,0,0,0,0,2,0,0,0,0,0,0,0,0,0,0,0,0,0,0,0,0,0,2
"AG114",0,2,0,2,0,0,0,0,0,0,0,0,0,0,0,0,2,2,0,0,0,0,0,0,0,0,0,0,0,0,0,2,0,0,2,0,0,0,0,2,0,0,0,0,2,0,0,0,0,0,0,0,0,0,2,0,0,0,0,NA,1,2,2,0,NA,0,2,0,0,0,0,2,2,0,0,0,2,0,0,0,0,0,2,0,0,0,0,0,0,0,0,0,0,0,0,0,0,0,0,0,0,0,0,1,0,0,0,0,0,0,2,0,0,0,0,0,0,0,0,0,0,0,0,0,0,0,NA,2,0,0,0,0,0,0,0,0,0,0,2,0,0,0,0,0,0,0,0,0,0,0,0,0,0,0,0,0,2
"AG122",0,0,0,2,0,0,0,0,0,0,0,0,0,0,NA,0,2,2,0,0,0,0,0,0,0,0,0,0,0,0,0,2,0,0,2,NA,2,0,0,2,0,0,0,0,NA,0,0,0,0,0,0,0,0,0,0,0,0,0,0,0,1,2,2,0,0,0,2,0,0,0,0,2,2,0,0,0,2,0,0,0,0,0,2,0,0,0,0,0,0,0,0,0,0,0,0,0,0,0,0,0,0,0,0,1,0,0,0,0,0,0,1,1,0,0,0,0,0,0,0,0,0,0,0,0,0,0,NA,2,1,0,0,0,0,0,0,0,0,0,2,0,0,0,0,0,NA,0,0,0,0,0,0,0,0,0,0,0,2
"AG130",0,0,NA,2,0,NA,NA,0,0,0,0,0,0,0,0,0,NA,2,0,NA,NA,0,0,0,1,NA,0,1,0,NA,0,NA,0,0,2,NA,0,0,0,2,0,0,0,0,2,0,0,0,1,0,0,0,0,0,0,0,0,0,0,0,0,2,2,0,0,NA,2,0,0,NA,0,NA,2,0,0,0,2,0,0,0,0,0,0,0,NA,0,0,NA,0,0,0,0,0,0,0,2,NA,0,0,0,0,0,0,0,0,0,0,NA,0,0,2,0,0,0,0,0,0,0,0,0,0,0,0,NA,NA,0,0,NA,0,0,0,0,0,0,0,0,0,0,2,NA,0,0,0,2,NA,0,0,0,0,0,NA,0,0,0,0,0,2
"AG146",0,0,0,2,0,NA,0,0,1,0,0,0,0,0,0,0,2,2,0,0,0,NA,0,0,NA,0,0,0,0,0,0,NA,1,0,2,0,0,0,0,2,0,0,0,0,2,0,0,0,0,0,0,0,NA,0,NA,0,0,0,0,0,1,2,2,0,NA,0,2,0,0,0,0,2,2,0,0,0,2,0,0,0,0,0,2,0,0,0,NA,0,0,0,2,0,0,0,0,0,0,0,0,0,NA,0,0,0,0,0,0,0,0,0,2,NA,0,0,0,NA,2,0,0,0,0,0,1,NA,0,0,0,2,NA,0,0,0,0,0,0,0,0,0,2,1,0,0,0,NA,0,0,0,NA,0,0,0,0,2,0,0,0,2
"AG162",0,0,0,1,0,1,0,0,0,0,0,0,0,0,1,0,0,2,0,0,0,0,0,0,0,0,0,0,0,0,0,2,1,0,2,0,0,0,0,2,0,0,0,0,2,0,0,1,0,0,0,0,0,0,0,0,0,0,0,0,0,2,1,0,0,0,2,0,0,0,0,2,0,0,0,0,NA,0,0,0,0,0,1,0,0,0,0,0,0,0,1,0,0,0,0,1,0,0,0,NA,0,0,0,0,0,0,0,0,0,0,2,0,0,0,0,0,2,0,0,0,0,0,0,0,0,2,0,2,0,0,0,0,1,0,0,0,0,0,2,0,0,0,0,0,0,0,0,0,0,0,0,0,0,0,0,0,2
"AG099",0,NA,NA,2,0,0,0,0,0,0,0,0,0,0,0,0,NA,NA,0,0,0,0,0,0,0,0,0,0,0,0,0,2,0,0,NA,0,0,0,0,2,0,0,0,0,2,0,0,0,0,0,0,0,0,0,0,0,0,0,0,0,0,2,2,0,0,0,2,0,0,0,0,2,2,NA,0,0,2,0,0,0,0,0,2,0,0,NA,0,0,0,0,2,0,0,0,0,0,0,0,0,1,0,0,0,0,0,0,0,0,0,0,2,0,0,0,0,0,0,0,0,NA,0,0,0,NA,0,0,0,2,0,0,0,0,0,0,0,0,0,0,2,0,0,0,0,0,1,0,0,0,0,0,1,0,0,0,0,NA,2
"AG171",0,0,0,2,0,0,0,0,0,0,0,NA,0,0,0,NA,2,2,0,0,0,0,0,0,0,0,NA,0,NA,0,1,2,0,0,2,0,0,0,NA,NA,0,0,0,0,2,0,0,0,NA,NA,0,NA,NA,0,0,0,NA,0,0,0,0,0,2,0,0,0,2,0,NA,0,0,2,2,0,0,0,2,NA,0,0,0,0,2,0,0,0,0,0,0,0,0,2,0,0,0,0,0,0,0,0,0,0,0,1,0,NA,0,0,0,0,0,0,NA,0,0,0,0,0,NA,0,0,0,0,0,0,0,0,2,NA,0,0,0,0,NA,0,0,0,0,NA,0,0,0,0,2,0,0,0,0,NA,0,0,0,0,0,NA,0,2
"AG179",0,0,0,2,0,0,0,0,NA,0,0,0,0,0,0,0,2,2,0,NA,0,0,0,0,1,0,0,0,0,0,2,2,0,0,NA,0,0,0,0,2,NA,0,0,0,2,0,0,NA,0,1,0,0,0,0,0,NA,0,0,0,0,0,2,2,0,0,0,2,0,1,0,0,2,2,0,0,0,2,0,0,0,0,0,1,0,2,0,0,0,0,0,0,0,NA,0,0,1,0,0,0,0,0,0,0,0,0,0,0,0,0,0,2,0,1,0,0,0,0,0,0,NA,0,0,0,1,0,0,0,2,0,0,0,0,0,0,0,0,0,0,2,0,NA,0,0,0,0,0,0,0,NA,0,0,0,0,0,0,0,2
"AG187",0,0,0,2,0,1,0,0,0,0,0,0,0,0,0,0,2,2,0,1,0,0,0,0,0,0,0,0,0,0,0,2,1,0,2,0,0,0,0,2,0,0,NA,0,2,0,0,0,0,0,0,0,0,0,0,0,0,0,0,0,0,2,2,0,0,0,2,0,0,0,0,2,2,0,1,0,NA,0,0,0,0,0,2,0,0,0,0,0,1,0,0,1,0,0,0,0,0,0,0,0,0,0,NA,2,0,0,0,0,0,0,0,0,0,0,0,0,0,0,0,0,0,0,1,0,0,0,0,2,0,0,0,0,0,0,0,0,0,0,2,NA,0,0,0,1,0,0,0,0,0,0,0,0,NA,1,0,0,2
"AG107",0,0,0,2,0,0,0,0,0,0,0,0,0,0,0,0,2,2,0,0,0,0,0,0,0,0,0,0,0,0,0,2,0,0,2,0,0,0,0,2,0,0,0,0,2,0,0,0,0,0,0,0,0,0,0,0,0,0,0,0,0,2,2,0,0,0,2,0,0,0,0,2,2,0,0,NA,NA,0,1,0,0,0,2,0,0,0,0,0,0,0,1,NA,0,0,0,0,0,0,0,2,0,1,0,0,0,0,0,0,0,0,2,0,0,NA,0,0,0,0,0,0,0,0,0,0,0,0,0,2,0,0,0,0,0,0,0,0,0,0,2,0,0,0,0,0,0,0,0,1,0,0,0,0,0,0,0,0,2
"AG115",0,0,0,2,0,0,0,0,0,0,0,0,0,0,0,0,2,2,0,0,0,0,0,0,1,0,0,0,0,0,0,2,0,0,2,0,0,0,0,2,0,0,0,0,2,0,0,0,0,0,0,0,0,0,0,0,1,0,0,0,1,2,2,0,0,0,2,0,0,0,0,2,2,0,1,0,2,0,0,0,0,0,2,0,0,0,0,0,0,0,0,0,0,0,0,0,0,0,0,0,0,0,0,0,0,0,0,0,0,0,2,0,0,0,0,0,1,0,0,0,0,0,0,0,0,0,0,2,0,0,0,0,0,0,0,0,0,0,2,0,0,0,0,0,0,0,0,0,0,0,1,1,0,0,0,0,2
"AG123",0,0,0,2,0,0,0,0,0,0,0,0,0,0,0,0,2,2,0,0,0,0,0,0,0,0,0,0,0,0,0,2,1,0,2,0,0,0,0,2,0,0,0,NA,2,0,0,0,0,0,0,0,0,0,2,0,0,0,0,0,0,2,2,0,NA,0,2,0,0,0,0,2,2,0,0,0,2,0,0,0,0,0,2,0,0,0,0,0,0,0,0,NA,0,0,0,0,0,0,0,0,0,0,0,0,0,0,0,0,0,0,2,0,0,0,0,0,0,0,0,NA,0,0,1,0,0,0,0,2,0,0,0,0,0,0,0,0,0,0,2,0,0,0,0,2,0,0,0,0,NA,0,0,0,0,1,0,0,2
"AG139",0,0,NA,2,1,0,0,0,0,0,NA,0,0,0,0,0,2,2,0,0,0,NA,0,NA,0,0,0,0,0,0,0,2,0,NA,2,NA,0,0,0,2,0,0,0,0,NA,0,0,0,0,NA,0,0,0,0,NA,NA,0,NA,0,0,0,2,2,0,0,0,2,0,0,NA,2,2,2,0,NA,0,2,0,NA,0,0,0,2,0,NA,0,NA,0,NA,0,1,0,0,0,0,0,0,0,1,0,0,0,0,NA,0,0,0,0,0,0,2,0,NA,0,0,0,0,1,0,0,0,2,0,0,0,0,0,2,0,NA,0,0,0,0,NA,0,0,0,2,0,0,2,0,0,0,0,0,0,0,0,0,NA,2,0,0,0,2
"AG147",0,0,0,2,0,1,0,0,0,0,0,0,0,0,0,0,2,2,0,0,0,0,0,0,0,0,0,0,0,0,0,NA,0,0,2,0,0,0,0,2,0,0,0,0,0,0,0,0,0,0,0,0,0,1,NA,NA,0,0,0,0,0,2,2,0,0,0,2,0,0,0,2,2,2,0,1,0,2,0,0,0,NA,0,2,0,0,0,0,NA,NA,0,0,0,0,0,0,0,0,0,2,0,0,0,0,1,0,0,0,0,0,0,2,0,0,0,0,0,0,1,0,0,0,0,1,2,0,0,0,2,0,0,0,0,0,0,0,0,0,0,2,0,0,NA,0,0,0,0,0,0,0,0,0,0,0,0,0,0,2
"AG163",0,0,0,2,1,2,0,0,0,0,0,0,0,0,0,0,1,2,0,0,0,0,0,NA,0,0,1,0,0,0,1,2,1,0,2,0,0,NA,0,2,0,0,0,0,2,0,0,0,1,0,1,0,0,0,0,0,0,0,0,0,2,2,2,0,0,0,2,0,0,0,0,2,2,0,0,0,2,0,0,0,0,0,2,0,0,0,0,0,0,0,1,0,0,0,0,0,0,0,0,0,0,0,0,0,0,0,0,0,0,0,1,0,0,0,0,0,2,0,0,0,0,0,1,0,0,0,0,2,0,0,0,0,0,0,0,0,0,0,2,0,0,0,0,0,1,0,0,0,0,0,0,0,0,0,0,0,2
"AG100",0,0,0,2,0,0,0,0,1,0,0,0,0,0,0,0,2,2,NA,0,0,0,0,0,0,0,0,1,0,0,0,2,1,0,2,0,0,0,0,2,0,0,0,0,2,0,0,0,0,0,0,1,0,0,2,0,0,0,0,0,0,2,2,0,0,NA,2,0,0,0,0,2,2,0,0,0,2,0,0,1,0,0,2,0,0,0,0,0,0,0,0,2,0,0,0,0,0,0,0,0,0,0,0,0,0,0,0,0,0,NA,2,2,0,0,0,0,1,0,0,0,0,0,0,0,0,0,0,2,0,0,0,0,0,0,NA,0,0,0,2,0,0,0,0,0,0,0,0,0,0,0,0,0,0,0,0,0,2
"AG180",0,0,0,2,0,0,0,NA,0,NA,0,0,0,NA,0,0,2,2,0,0,0,0,0,2,2,0,0,0,0,NA,0,2,0,NA,2,0,0,0,0,2,NA,0,0,NA,2,0,0,NA,NA,0,0,0,NA,0,0,0,0,0,0,NA,0,2,2,0,0,0,2,NA,0,0,0,2,2,0,1,0,2,0,0,0,0,NA,2,NA,1,0,0,0,0,0,0,0,0,0,0,0,0,NA,0,NA,NA,NA,0,0,0,0,0,0,0,0,2,2,0,0,0,0,0,0,0,NA,0,0,NA,0,0,0,0,2,0,0,0,NA,0,0,0,NA,0,0,NA,1,0,NA,NA,1,0,0,0,0,0,0,0,0,NA,0,0,0,NA
"AG188",0,0,0,2,1,0,0,0,0,0,0,0,0,0,0,0,2,2,0,0,0,0,0,0,2,0,0,0,NA,NA,0,2,0,0,2,0,0,0,0,2,0,0,0,0,2,0,0,0,0,0,0,0,0,1,1,0,2,0,0,0,0,2,2,0,0,0,2,0,0,0,0,2,2,0,0,0,2,0,0,0,0,0,2,0,0,0,0,0,0,0,0,0,0,0,0,0,0,0,NA,0,0,0,0,0,0,0,0,0,0,0,2,0,0,0,0,0,NA,0,0,0,0,0,1,NA,0,0,NA,2,NA,0,0,0,0,0,0,0,0,0,2,0,0,0,0,0,0,0,0,0,0,0,0,0,0,0,0,0,2
"AG108",0,1,0,2,0,0,0,0,0,0,0,0,0,0,0,0,2,2,0,0,0,0,0,0,NA,0,0,0,0,0,0,NA,1,0,2,0,0,0,0,2,0,0,0,NA,2,0,0,0,0,NA,0,0,0,0,NA,0,0,0,0,NA,2,2,2,0,0,0,2,0,0,0,0,2,2,0,0,0,2,NA,0,0,0,0,2,0,0,0,0,NA,0,NA,0,0,0,0,NA,0,0,0,0,0,0,0,0,1,0,0,0,NA,0,0,2,0,0,0,0,0,0,0,0,0,NA,0,NA,0,0,0,0,2,0,0,0,0,0,0,0,0,0,0,2,0,0,0,0,2,0,NA,0,0,0,0,NA,0,0,0,0,0,2
"AG116",0,0,0,2,0,0,0,0,0,0,0,0,0,0,0,0,2,2,0,0,0,0,0,0,0,0,0,0,0,0,0,2,0,0,2,0,0,0,0,2,0,0,0,0,2,0,0,0,0,0,0,0,1,0,0,0,0,0,0,0,1,2,2,0,0,0,2,0,0,0,0,2,2,0,0,0,2,0,0,0,0,0,2,0,0,0,1,0,0,0,0,0,0,0,0,0,0,0,0,0,0,0,0,0,0,0,0,0,0,0,2,0,0,0,0,0,0,0,0,0,0,0,0,0,0,0,0,1,0,0,0,0,0,0,0,1,0,0,2,0,0,0,0,0,0,0,0,0,0,0,0,0,2,0,0,0,2
"AG124",0,0,0,2,0,0,0,0,0,0,0,0,0,0,0,0,2,2,0,0,0,0,0,0,0,0,0,0,0,0,0,2,1,1,2,0,0,0,0,2,0,0,0,0,2,0,0,0,0,1,0,0,0,0,1,0,0,0,0,0,0,2,2,0,0,0,2,0,0,0,0,2,2,0,0,0,2,0,0,0,0,0,2,0,0,0,0,0,0,0,0,0,0,0,0,0,0,0,0,0,0,0,0,0,0,0,0,0,0,0,2,0,1,0,0,0,0,0,0,0,0,0,0,0,0,0,0,2,0,0,0,0,0,0,0,0,0,0,1,0,1,0,0,NA,0,0,0,0,0,0,0,0,0,0,0,0,2
"AG132",0,0,0,2,NA,2,0,0,0,1,0,0,0,0,0,0,2,2,0,0,0,1,0,NA,NA,0,0,1,NA,0,NA,NA,0,0,2,NA,0,0,0,2,0,0,0,0,2,0,0,NA,0,0,0,0,0,1,0,0,0,0,0,0,0,2,2,0,0,0,2,0,0,0,2,2,2,0,0,NA,2,NA,0,0,NA,0,2,0,0,0,0,0,0,0,0,0,0,0,0,0,NA,0,0,0,0,0,0,2,0,0,0,0,0,0,2,0,0,0,0,0,0,NA,NA,0,NA,NA,0,0,NA,0,0,2,0,0,NA,NA,0,0,NA,0,0,0,2,0,0,0,0,1,0,0,0,0,0,0,0,0,1,0,0,0,2
"AG156",0,0,0,2,0,0,0,0,0,0,0,0,0,0,0,0,2,2,0,0,0,0,0,0,0,0,NA,NA,0,0,0,1,1,0,2,0,0,0,0,2,0,0,0,NA,2,0,NA,0,1,0,0,0,0,0,1,0,0,0,0,0,0,2,2,0,NA,0,2,0,1,0,0,2,2,0,1,0,2,0,0,0,0,0,2,0,0,0,0,0,0,0,0,0,0,0,0,0,0,0,0,0,0,0,0,0,0,0,0,0,0,0,2,0,0,0,0,0,0,0,0,0,0,1,0,0,NA,0,0,2,1,0,0,0,0,0,0,0,0,0,1,0,0,0,0,0,0,NA,0,0,0,0,0,0,0,1,0,0,2
"AG164",0,0,NA,2,0,1,0,0,0,0,0,0,0,0,0,0,2,NA,0,0,0,0,0,0,2,0,0,0,0,0,1,2,0,0,2,0,0,0,0,2,0,0,0,0,2,0,0,2,1,0,0,0,0,1,0,0,1,0,0,0,1,2,2,0,0,0,2,0,0,0,0,2,2,0,NA,0,2,0,0,0,0,0,2,0,0,0,1,0,0,0,0,1,0,0,0,0,0,0,1,0,0,0,0,1,0,0,0,0,1,0,2,0,0,0,0,0,0,0,0,0,0,0,0,0,0,0,0,2,0,0,0,0,0,0,0,0,0,0,2,0,0,0,0,1,0,0,0,0,0,0,0,0,0,0,0,0,2
"AG101",0,0,0,2,0,0,0,1,1,0,0,1,0,0,0,0,2,2,0,0,0,0,0,0,0,0,0,0,0,0,0,2,1,0,2,0,0,0,0,2,0,0,0,0,2,0,0,0,0,0,0,2,0,0,0,0,0,0,NA,0,1,2,2,0,0,0,2,0,0,0,0,2,2,0,0,0,2,0,0,0,0,0,2,0,0,0,0,0,0,0,0,0,0,0,1,0,0,0,0,0,NA,0,0,0,0,0,0,0,0,0,2,0,0,0,0,0,0,NA,0,0,0,0,0,0,0,0,0,2,0,0,0,0,0,0,0,0,0,0,2,0,0,0,0,0,0,0,0,0,0,0,0,0,1,1,0,0,1
"AG181",0,0,0,2,0,1,0,0,0,NA,NA,0,0,NA,0,2,2,2,NA,0,0,0,0,NA,NA,NA,0,0,1,NA,0,2,0,NA,NA,0,0,0,0,2,0,0,0,NA,NA,0,0,0,0,0,NA,0,0,0,0,0,NA,0,0,0,1,2,2,0,NA,0,NA,0,0,0,0,2,NA,0,0,0,2,0,0,NA,0,0,2,0,NA,1,1,0,0,0,0,0,0,0,0,0,0,0,0,NA,0,NA,NA,0,NA,0,0,NA,0,0,1,0,NA,0,NA,0,0,0,0,0,0,0,2,0,NA,NA,0,2,0,0,0,0,0,0,NA,0,0,0,2,2,0,0,NA,2,NA,0,0,0,0,NA,0,0,0,0,0,0,2
"AG117",0,0,0,1,NA,0,0,0,0,1,0,0,0,0,0,0,2,2,0,0,0,0,0,0,0,0,0,0,0,0,0,2,1,0,2,0,0,0,0,2,0,0,0,0,2,0,0,0,0,0,0,0,0,0,0,0,0,0,0,0,0,2,2,0,0,0,2,0,0,0,0,2,2,0,0,0,2,0,0,0,0,0,2,0,0,0,0,0,0,0,0,0,0,0,0,0,0,0,0,0,0,0,0,0,0,0,0,0,0,0,0,0,0,0,0,0,1,0,0,0,0,0,0,0,0,0,0,2,1,0,0,0,0,0,0,0,0,0,2,0,0,0,0,0,0,0,0,0,0,0,0,0,0,0,0,0,2
"AG125",0,0,0,NA,0,0,0,0,0,2,0,0,0,0,0,0,2,2,0,0,0,1,0,0,0,NA,0,0,0,0,0,2,1,0,2,0,0,0,0,2,NA,0,0,0,2,NA,0,0,0,0,0,0,0,0,1,0,1,0,0,0,0,1,2,2,0,NA,2,0,0,0,2,2,2,0,0,0,2,0,0,0,0,0,2,0,0,0,0,0,0,0,0,0,0,0,0,0,0,0,0,2,0,0,0,0,0,0,0,0,0,0,2,0,0,2,0,0,0,0,0,0,0,0,0,0,0,0,0,2,0,0,NA,0,0,0,0,0,0,0,2,0,0,0,0,2,0,0,NA,0,0,NA,0,0,0,0,0,0,2
"AG133",0,0,0,NA,0,0,NA,0,0,0,0,0,0,0,NA,0,2,NA,0,0,0,NA,0,0,0,0,0,0,0,0,0,1,0,0,2,0,0,0,0,2,0,0,0,0,2,0,0,0,0,0,0,NA,0,0,0,0,0,0,0,0,0,2,2,0,NA,NA,2,NA,0,0,0,2,2,0,0,0,NA,0,0,0,NA,0,2,0,0,0,0,0,0,0,0,NA,1,0,0,0,NA,0,0,0,0,0,NA,0,0,0,0,0,0,0,2,0,0,0,0,0,0,0,0,0,0,0,1,0,NA,0,0,2,0,0,0,0,1,0,0,0,0,0,2,0,0,0,NA,NA,0,0,0,0,0,0,0,0,0,0,0,0,2
"AG157",0,0,0,2,0,0,0,0,NA,0,0,0,0,0,0,0,2,2,1,0,0,NA,0,0,0,0,0,0,0,0,0,2,0,0,2,0,0,0,0,2,0,0,0,0,NA,0,0,0,0,0,0,0,0,0,0,0,0,0,0,0,0,2,NA,0,0,0,2,0,1,0,0,2,2,2,1,0,2,0,0,0,0,0,2,0,0,0,0,0,0,0,1,0,0,0,0,0,0,1,0,0,0,2,NA,0,0,0,0,0,0,0,2,0,0,0,0,0,0,0,0,0,0,0,1,0,0,0,0,2,0,0,0,0,0,0,0,0,0,0,2,0,0,0,0,0,0,0,0,NA,0,0,0,0,0,0,0,0,2
"AG165",0,0,0,2,0,0,0,0,0,0,0,0,0,0,0,0,2,NA,0,0,0,0,0,NA,NA,0,0,2,NA,0,0,2,0,NA,2,0,0,0,0,2,0,0,0,0,2,0,0,0,0,0,0,0,0,0,1,0,0,0,0,0,1,0,2,0,0,0,2,0,1,0,0,2,NA,NA,0,0,2,0,0,NA,0,0,2,NA,0,0,0,0,0,0,0,0,0,0,0,0,0,0,0,0,0,NA,0,0,NA,0,0,0,0,0,1,0,0,0,0,0,1,0,0,0,0,0,0,0,0,0,0,2,0,0,0,0,0,0,0,0,0,0,2,0,0,0,0,2,0,0,0,0,0,NA,NA,0,0,0,0,0,2
"AG102",0,0,0,2,0,0,0,0,0,0,1,0,0,0,0,0,2,2,0,0,0,0,0,0,0,0,0,0,0,0,0,2,0,0,2,0,0,0,0,2,0,0,0,0,2,0,0,0,1,0,0,0,0,0,0,0,0,0,0,0,0,2,2,0,0,0,2,0,1,0,0,2,2,0,2,0,2,0,0,0,0,1,2,0,0,0,0,0,0,0,0,0,0,0,0,0,0,0,0,0,0,0,0,0,0,0,0,0,0,0,1,0,0,0,0,0,1,0,0,1,0,0,0,0,0,0,0,2,0,0,0,0,0,0,0,0,0,0,2,0,0,0,0,1,2,0,0,0,0,0,0,0,0,0,0,0,2
"AG182",0,0,0,NA,0,0,0,0,NA,0,0,0,0,0,0,0,2,2,0,0,0,0,0,0,0,0,0,0,0,0,0,2,0,0,2,0,0,0,0,2,0,0,0,0,2,0,0,0,0,NA,0,0,NA,0,0,0,0,0,0,0,0,2,2,NA,0,0,NA,1,NA,0,0,NA,2,0,2,0,2,0,NA,0,0,0,2,0,1,0,0,0,0,0,0,0,0,0,0,0,0,0,0,0,0,NA,0,1,0,0,0,0,NA,0,0,0,0,0,0,0,0,NA,0,0,0,0,0,NA,0,0,0,2,NA,NA,0,0,0,0,0,0,0,0,2,0,0,0,0,0,0,0,0,0,NA,0,0,0,0,0,0,0,2
"AG110",0,0,0,2,0,0,0,NA,0,0,0,0,0,0,0,0,2,2,0,0,0,0,0,0,0,0,2,NA,0,0,0,2,0,0,2,0,0,0,0,2,0,0,0,0,2,0,0,0,0,0,2,0,0,0,0,0,0,0,0,0,0,2,2,0,0,0,2,0,1,0,0,2,2,0,1,0,2,0,0,0,NA,0,2,0,0,0,0,0,0,NA,0,0,0,0,0,0,0,0,0,0,0,0,0,1,0,2,0,0,0,NA,1,0,0,NA,0,0,0,0,0,0,0,0,0,NA,0,0,0,2,0,0,0,0,0,0,0,0,0,0,NA,0,0,0,0,0,0,0,0,0,0,0,0,0,0,0,0,0,2
"AG118",0,0,0,2,0,0,0,0,0,0,0,0,0,0,0,0,2,2,0,0,0,0,0,0,0,0,0,0,1,0,0,2,0,0,NA,0,0,0,0,2,0,0,0,0,2,0,0,0,0,1,0,0,0,1,0,0,0,0,NA,0,0,2,2,0,0,0,2,0,1,0,0,2,2,0,1,0,2,0,0,0,0,0,2,0,0,0,0,0,0,0,0,0,0,0,0,0,0,0,1,0,0,0,0,0,0,0,0,0,0,0,2,0,0,0,0,0,NA,0,0,0,0,0,2,0,0,0,0,2,0,0,0,0,0,0,0,0,0,0,2,0,0,0,0,2,0,0,0,1,0,0,1,0,0,0,0,0,2
"AG126",0,0,0,2,2,0,0,0,0,0,0,0,0,0,0,0,2,2,0,0,0,0,0,0,0,0,0,0,0,0,0,2,0,0,2,0,0,0,0,2,NA,NA,0,0,2,0,0,0,0,0,0,0,0,1,0,0,0,0,0,NA,0,2,2,0,0,0,2,0,1,0,0,2,2,NA,0,0,2,0,0,0,0,0,2,0,0,0,1,0,0,0,2,0,0,0,0,0,0,0,2,0,0,0,0,2,0,0,0,0,0,0,2,0,NA,0,0,0,NA,0,0,0,0,0,0,0,0,0,0,2,0,0,0,0,1,0,0,0,0,0,2,0,0,0,0,0,0,0,0,0,0,0,0,0,0,0,0,0,0
"AG134",0,0,0,2,0,0,NA,NA,0,0,0,0,0,0,0,0,2,2,0,0,0,NA,0,0,0,NA,0,0,0,0,0,2,1,0,2,0,0,NA,0,2,0,0,0,0,2,0,0,1,2,0,0,NA,0,0,0,0,0,0,0,0,0,2,2,0,0,0,2,0,0,0,0,2,2,0,0,NA,2,0,0,0,NA,1,2,0,0,0,0,NA,0,0,0,0,0,0,0,0,0,0,0,0,0,0,0,2,NA,0,0,NA,0,0,1,0,0,0,NA,0,0,0,0,0,0,0,0,2,0,0,0,2,0,NA,0,0,0,0,0,0,0,0,2,0,2,0,0,0,NA,0,0,0,0,0,0,0,0,0,0,0,2
"AG158",0,NA,0,2,0,0,0,0,0,0,0,0,NA,NA,0,0,2,2,0,0,0,0,0,0,0,0,0,0,0,0,0,1,0,0,2,0,NA,0,0,2,0,0,0,0,2,0,0,0,0,NA,0,0,0,0,0,0,0,0,0,0,0,2,2,0,0,NA,2,0,1,0,0,2,2,0,NA,0,NA,0,0,0,0,0,2,0,0,0,NA,0,0,0,0,0,0,0,NA,0,0,0,0,0,NA,0,0,0,0,0,0,0,0,0,2,0,0,0,0,0,0,NA,0,0,0,0,0,0,0,0,0,2,1,1,0,0,0,0,0,0,0,0,2,0,0,0,0,0,0,0,0,0,0,0,0,NA,0,0,0,0,2
"AG166",0,0,0,2,0,1,0,0,0,0,0,0,0,0,0,0,1,2,0,0,0,0,0,0,0,0,0,0,0,0,0,2,0,0,2,0,0,NA,0,2,0,0,0,0,2,0,0,1,2,0,0,0,0,0,0,0,1,0,0,0,0,2,2,0,0,0,2,0,1,0,0,NA,2,NA,0,0,2,0,0,NA,0,NA,2,0,0,1,0,0,0,0,0,1,0,0,0,0,0,0,0,0,0,0,0,0,0,0,0,0,0,0,2,0,0,0,0,0,0,0,0,0,0,0,0,1,0,0,0,2,0,0,2,0,0,0,0,0,0,0,2,0,0,0,0,0,0,0,0,0,0,0,0,0,0,0,0,0,2
